Depth,Damage,Type,,,,,,,,,,
0.00,0.00,1,,,,,,,,,,
0.01,0.00,1,,,,,,,,,,
0.02,0.00,1,,,,,,,,,,
0.03,0.00,1,,,,,,,,,,
0.04,0.00,1,,,,,,,,,,
0.05,0.00,1,,,,,,,,,,
0.06,0.00,1,,,,,,,,,,
0.07,0.00,1,,,,,,,,,,
0.08,0.00,1,,,,,,,,,,
0.09,0.00,1,,,,,,,,,,
0.10,0.00,1,,,,,,,,,,
0.11,0.00,1,,,,,,,,,,
0.12,0.00,1,,,,,,,,,,
0.13,0.00,1,,,,,,,,,,
0.14,0.00,1,,,,,,,,,,
0.15,0.00,1,,,,,,,,,,
0.16,0.00,1,,,,,,,,,,
0.17,0.00,1,,,,,,,,,,
0.18,0.00,1,,,,,,,,,,
0.19,0.00,1,,,,,,,,,,
0.20,0.00,1,,,,,,,,,,
0.21,0.00,1,,,,,,,,,,
0.22,0.00,1,,,,,,,,,,
0.23,0.01,1,,,,,,,,,,
0.24,0.02,1,,,,,,,,,,
0.25,0.04,1,,,,,,,,,,
0.26,0.05,1,,,,,,,,,,
0.27,0.06,1,,,,,,,,,,
0.28,0.08,1,,,,,,,,,,
0.29,0.09,1,,,,,,,,,,
0.30,0.11,1,,,,,,,,,,
0.31,0.12,1,,,,,,,,,,
0.32,0.13,1,,,,,,,,,,
0.33,0.15,1,,,,,,,,,,
0.34,0.16,1,,,,,,,,,,
0.35,0.17,1,,,,,,,,,,
0.36,0.19,1,,,,,,,,,,
0.37,0.20,1,,,,,,,,,,
0.38,0.21,1,,,,,,,,,,
0.39,0.23,1,,,,,,,,,,
0.40,0.24,1,,,,,,,,,,
0.41,0.25,1,,,,,,,,,,
0.42,0.26,1,,,,,,,,,,
0.43,0.28,1,,,,,,,,,,
0.44,0.29,1,,,,,,,,,,
0.45,0.31,1,,,,,,,,,,
0.46,0.32,1,,,,,,,,,,
0.47,0.33,1,,,,,,,,,,
0.48,0.35,1,,,,,,,,,,
0.49,0.36,1,,,,,,,,,,
0.50,0.37,1,,,,,,,,,,
0.51,0.39,1,,,,,,,,,,
0.52,0.40,1,,,,,,,,,,
0.53,0.41,1,,,,,,,,,,
0.54,0.42,1,,,,,,,,,,
0.55,0.43,1,,,,,,,,,,
0.56,0.44,1,,,,,,,,,,
0.57,0.45,1,,,,,,,,,,
0.58,0.46,1,,,,,,,,,,
0.59,0.47,1,,,,,,,,,,
0.60,0.47,1,,,,,,,,,,
0.61,0.48,1,,,,,,,,,,
0.62,0.49,1,,,,,,,,,,
0.63,0.50,1,,,,,,,,,,
0.64,0.51,1,,,,,,,,,,
0.65,0.52,1,,,,,,,,,,
0.66,0.54,1,,,,,,,,,,
0.67,0.55,1,,,,,,,,,,
0.68,0.56,1,,,,,,,,,,
0.69,0.57,1,,,,,,,,,,
0.70,0.58,1,,,,,,,,,,
0.71,0.59,1,,,,,,,,,,
0.72,0.60,1,,,,,,,,,,
0.73,0.62,1,,,,,,,,,,
0.74,0.63,1,,,,,,,,,,
0.75,0.64,1,,,,,,,,,,
0.76,0.65,1,,,,,,,,,,
0.77,0.66,1,,,,,,,,,,
0.78,0.67,1,,,,,,,,,,
0.79,0.68,1,,,,,,,,,,
0.80,0.70,1,,,,,,,,,,
0.81,0.71,1,,,,,,,,,,
0.82,0.72,1,,,,,,,,,,
0.83,0.74,1,,,,,,,,,,
0.84,0.75,1,,,,,,,,,,
0.85,0.77,1,,,,,,,,,,
0.86,0.79,1,,,,,,,,,,
0.87,0.80,1,,,,,,,,,,
0.88,0.82,1,,,,,,,,,,
0.89,0.84,1,,,,,,,,,,
0.90,0.85,1,,,,,,,,,,
0.91,0.87,1,,,,,,,,,,
0.92,0.88,1,,,,,,,,,,
0.93,0.90,1,,,,,,,,,,
0.94,0.92,1,,,,,,,,,,
0.95,0.93,1,,,,,,,,,,
0.96,0.95,1,,,,,,,,,,
0.97,0.96,1,,,,,,,,,,
0.98,0.98,1,,,,,,,,,,
0.99,0.99,1,,,,,,,,,,
1.00,0.99,1,,,,,,,,,,
1.01,1.00,1,,,,,,,,,,
1.02,1.00,1,,,,,,,,,,
1.03,1.00,1,,,,,,,,,,
1.04,1.00,1,,,,,,,,,,
1.05,1.00,1,,,,,,,,,,
1.06,1.00,1,,,,,,,,,,
1.07,1.00,1,,,,,,,,,,
1.08,1.00,1,,,,,,,,,,
1.09,1.00,1,,,,,,,,,,
1.10,1.00,1,,,,,,,,,,
1.11,1.00,1,,,,,,,,,,
1.12,1.00,1,,,,,,,,,,
1.13,1.00,1,,,,,,,,,,
1.14,1.00,1,,,,,,,,,,
1.15,1.00,1,,,,,,,,,,
1.16,1.00,1,,,,,,,,,,
1.17,1.00,1,,,,,,,,,,
1.18,1.00,1,,,,,,,,,,
1.19,1.00,1,,,,,,,,,,
1.20,1.00,1,,,,,,,,,,
1.21,1.00,1,,,,,,,,,,
1.22,1.00,1,,,,,,,,,,
1.23,1.00,1,,,,,,,,,,
1.24,1.00,1,,,,,,,,,,
1.25,1.00,1,,,,,,,,,,
1.26,1.00,1,,,,,,,,,,
1.27,1.00,1,,,,,,,,,,
1.28,1.00,1,,,,,,,,,,
1.29,1.00,1,,,,,,,,,,
1.30,1.00,1,,,,,,,,,,
1.31,1.00,1,,,,,,,,,,
1.32,1.00,1,,,,,,,,,,
1.33,1.00,1,,,,,,,,,,
1.34,1.00,1,,,,,,,,,,
1.35,1.00,1,,,,,,,,,,
1.36,1.00,1,,,,,,,,,,
1.37,1.00,1,,,,,,,,,,
1.38,1.00,1,,,,,,,,,,
1.39,1.00,1,,,,,,,,,,
1.40,1.00,1,,,,,,,,,,
1.41,1.00,1,,,,,,,,,,
1.42,1.00,1,,,,,,,,,,
1.43,1.00,1,,,,,,,,,,
1.44,1.00,1,,,,,,,,,,
1.45,1.00,1,,,,,,,,,,
1.46,1.00,1,,,,,,,,,,
1.47,1.00,1,,,,,,,,,,
1.48,1.00,1,,,,,,,,,,
1.49,1.00,1,,,,,,,,,,
1.50,1.00,1,,,,,,,,,,
1.51,1.00,1,,,,,,,,,,
1.52,1.00,1,,,,,,,,,,
1.53,1.00,1,,,,,,,,,,
1.54,1.00,1,,,,,,,,,,
1.55,1.00,1,,,,,,,,,,
1.56,1.00,1,,,,,,,,,,
1.57,1.00,1,,,,,,,,,,
1.58,1.00,1,,,,,,,,,,
1.59,1.00,1,,,,,,,,,,
1.60,1.00,1,,,,,,,,,,
1.61,1.00,1,,,,,,,,,,
1.62,1.00,1,,,,,,,,,,
1.63,1.00,1,,,,,,,,,,
1.64,1.00,1,,,,,,,,,,
1.65,1.00,1,,,,,,,,,,
1.66,1.00,1,,,,,,,,,,
1.67,1.00,1,,,,,,,,,,
1.68,1.00,1,,,,,,,,,,
1.69,1.00,1,,,,,,,,,,
1.70,1.00,1,,,,,,,,,,
1.71,1.00,1,,,,,,,,,,
1.72,1.00,1,,,,,,,,,,
1.73,1.00,1,,,,,,,,,,
1.74,1.00,1,,,,,,,,,,
1.75,1.00,1,,,,,,,,,,
1.76,1.00,1,,,,,,,,,,
1.77,1.00,1,,,,,,,,,,
1.78,1.00,1,,,,,,,,,,
1.79,1.00,1,,,,,,,,,,
1.80,1.00,1,,,,,,,,,,
1.81,1.00,1,,,,,,,,,,
1.82,1.00,1,,,,,,,,,,
1.83,1.00,1,,,,,,,,,,
1.84,1.00,1,,,,,,,,,,
1.85,1.00,1,,,,,,,,,,
1.86,1.00,1,,,,,,,,,,
1.87,1.00,1,,,,,,,,,,
1.88,1.00,1,,,,,,,,,,
1.89,1.00,1,,,,,,,,,,
1.90,1.00,1,,,,,,,,,,
1.91,1.00,1,,,,,,,,,,
1.92,1.00,1,,,,,,,,,,
1.93,1.00,1,,,,,,,,,,
1.94,1.00,1,,,,,,,,,,
1.95,1.00,1,,,,,,,,,,
1.96,1.00,1,,,,,,,,,,
1.97,1.00,1,,,,,,,,,,
1.98,1.00,1,,,,,,,,,,
1.99,1.00,1,,,,,,,,,,
2.00,1.00,1,,,,,,,,,,
2.01,1.00,1,,,,,,,,,,
2.02,1.00,1,,,,,,,,,,
2.03,1.00,1,,,,,,,,,,
2.04,1.00,1,,,,,,,,,,
2.05,1.00,1,,,,,,,,,,
2.06,1.00,1,,,,,,,,,,
2.07,1.00,1,,,,,,,,,,
2.08,1.00,1,,,,,,,,,,
2.09,1.00,1,,,,,,,,,,
2.10,1.00,1,,,,,,,,,,
2.11,1.00,1,,,,,,,,,,
2.12,1.00,1,,,,,,,,,,
2.13,1.00,1,,,,,,,,,,
2.14,1.00,1,,,,,,,,,,
2.15,1.00,1,,,,,,,,,,
2.16,1.00,1,,,,,,,,,,
2.17,1.00,1,,,,,,,,,,
2.18,1.00,1,,,,,,,,,,
2.19,1.00,1,,,,,,,,,,
2.20,1.00,1,,,,,,,,,,
2.21,1.00,1,,,,,,,,,,
2.22,1.00,1,,,,,,,,,,
2.23,1.00,1,,,,,,,,,,
2.24,1.00,1,,,,,,,,,,
2.25,1.00,1,,,,,,,,,,
2.26,1.00,1,,,,,,,,,,
2.27,1.00,1,,,,,,,,,,
2.28,1.00,1,,,,,,,,,,
2.29,1.00,1,,,,,,,,,,
2.30,1.00,1,,,,,,,,,,
2.31,1.00,1,,,,,,,,,,
2.32,1.00,1,,,,,,,,,,
2.33,1.00,1,,,,,,,,,,
2.34,1.00,1,,,,,,,,,,
2.35,1.00,1,,,,,,,,,,
2.36,1.00,1,,,,,,,,,,
2.37,1.00,1,,,,,,,,,,
2.38,1.00,1,,,,,,,,,,
2.39,1.00,1,,,,,,,,,,
2.40,1.00,1,,,,,,,,,,
2.41,1.00,1,,,,,,,,,,
2.42,1.00,1,,,,,,,,,,
2.43,1.00,1,,,,,,,,,,
2.44,1.00,1,,,,,,,,,,
2.45,1.00,1,,,,,,,,,,
2.46,1.00,1,,,,,,,,,,
2.47,1.00,1,,,,,,,,,,
2.48,1.00,1,,,,,,,,,,
2.49,1.00,1,,,,,,,,,,
2.50,1.00,1,,,,,,,,,,
2.51,1.00,1,,,,,,,,,,
2.52,1.00,1,,,,,,,,,,
2.53,1.00,1,,,,,,,,,,
2.54,1.00,1,,,,,,,,,,
2.55,1.00,1,,,,,,,,,,
2.56,1.00,1,,,,,,,,,,
2.57,1.00,1,,,,,,,,,,
2.58,1.00,1,,,,,,,,,,
2.59,1.00,1,,,,,,,,,,
2.60,1.00,1,,,,,,,,,,
2.61,1.00,1,,,,,,,,,,
2.62,1.00,1,,,,,,,,,,
2.63,1.00,1,,,,,,,,,,
2.64,1.00,1,,,,,,,,,,
2.65,1.00,1,,,,,,,,,,
2.66,1.00,1,,,,,,,,,,
2.67,1.00,1,,,,,,,,,,
2.68,1.00,1,,,,,,,,,,
2.69,1.00,1,,,,,,,,,,
2.70,1.00,1,,,,,,,,,,
2.71,1.00,1,,,,,,,,,,
2.72,1.00,1,,,,,,,,,,
2.73,1.00,1,,,,,,,,,,
2.74,1.00,1,,,,,,,,,,
2.75,1.00,1,,,,,,,,,,
2.76,1.00,1,,,,,,,,,,
2.77,1.00,1,,,,,,,,,,
2.78,1.00,1,,,,,,,,,,
2.79,1.00,1,,,,,,,,,,
2.80,1.00,1,,,,,,,,,,
2.81,1.00,1,,,,,,,,,,
2.82,1.00,1,,,,,,,,,,
2.83,1.00,1,,,,,,,,,,
2.84,1.00,1,,,,,,,,,,
2.85,1.00,1,,,,,,,,,,
2.86,1.00,1,,,,,,,,,,
2.87,1.00,1,,,,,,,,,,
2.88,1.00,1,,,,,,,,,,
2.89,1.00,1,,,,,,,,,,
2.90,1.00,1,,,,,,,,,,
2.91,1.00,1,,,,,,,,,,
2.92,1.00,1,,,,,,,,,,
2.93,1.00,1,,,,,,,,,,
2.94,1.00,1,,,,,,,,,,
2.95,1.00,1,,,,,,,,,,
2.96,1.00,1,,,,,,,,,,
2.97,1.00,1,,,,,,,,,,
2.98,1.00,1,,,,,,,,,,
2.99,1.00,1,,,,,,,,,,
3.00,1.00,1,,,,,,,,,,
3.01,1.00,1,,,,,,,,,,
3.02,1.00,1,,,,,,,,,,
3.03,1.00,1,,,,,,,,,,
3.04,1.00,1,,,,,,,,,,
3.05,1.00,1,,,,,,,,,,
3.06,1.00,1,,,,,,,,,,
3.07,1.00,1,,,,,,,,,,
3.08,1.00,1,,,,,,,,,,
3.09,1.00,1,,,,,,,,,,
3.10,1.00,1,,,,,,,,,,
3.11,1.00,1,,,,,,,,,,
3.12,1.00,1,,,,,,,,,,
3.13,1.00,1,,,,,,,,,,
3.14,1.00,1,,,,,,,,,,
3.15,1.00,1,,,,,,,,,,
3.16,1.00,1,,,,,,,,,,
3.17,1.00,1,,,,,,,,,,
3.18,1.00,1,,,,,,,,,,
3.19,1.00,1,,,,,,,,,,
3.20,1.00,1,,,,,,,,,,
3.21,1.00,1,,,,,,,,,,
3.22,1.00,1,,,,,,,,,,
3.23,1.00,1,,,,,,,,,,
3.24,1.00,1,,,,,,,,,,
3.25,1.00,1,,,,,,,,,,
3.26,1.00,1,,,,,,,,,,
3.27,1.00,1,,,,,,,,,,
3.28,1.00,1,,,,,,,,,,
3.29,1.00,1,,,,,,,,,,
3.30,1.00,1,,,,,,,,,,
3.31,1.00,1,,,,,,,,,,
3.32,1.00,1,,,,,,,,,,
3.33,1.00,1,,,,,,,,,,
3.34,1.00,1,,,,,,,,,,
3.35,1.00,1,,,,,,,,,,
3.36,1.00,1,,,,,,,,,,
3.37,1.00,1,,,,,,,,,,
3.38,1.00,1,,,,,,,,,,
3.39,1.00,1,,,,,,,,,,
3.40,1.00,1,,,,,,,,,,
3.41,1.00,1,,,,,,,,,,
3.42,1.00,1,,,,,,,,,,
3.43,1.00,1,,,,,,,,,,
3.44,1.00,1,,,,,,,,,,
3.45,1.00,1,,,,,,,,,,
3.46,1.00,1,,,,,,,,,,
3.47,1.00,1,,,,,,,,,,
3.48,1.00,1,,,,,,,,,,
3.49,1.00,1,,,,,,,,,,
3.50,1.00,1,,,,,,,,,,
3.51,1.00,1,,,,,,,,,,
3.52,1.00,1,,,,,,,,,,
3.53,1.00,1,,,,,,,,,,
3.54,1.00,1,,,,,,,,,,
3.55,1.00,1,,,,,,,,,,
3.56,1.00,1,,,,,,,,,,
3.57,1.00,1,,,,,,,,,,
3.58,1.00,1,,,,,,,,,,
3.59,1.00,1,,,,,,,,,,
3.60,1.00,1,,,,,,,,,,
3.61,1.00,1,,,,,,,,,,
3.62,1.00,1,,,,,,,,,,
3.63,1.00,1,,,,,,,,,,
3.64,1.00,1,,,,,,,,,,
3.65,1.00,1,,,,,,,,,,
3.66,1.00,1,,,,,,,,,,
3.67,1.00,1,,,,,,,,,,
3.68,1.00,1,,,,,,,,,,
3.69,1.00,1,,,,,,,,,,
3.70,1.00,1,,,,,,,,,,
3.71,1.00,1,,,,,,,,,,
3.72,1.00,1,,,,,,,,,,
3.73,1.00,1,,,,,,,,,,
3.74,1.00,1,,,,,,,,,,
3.75,1.00,1,,,,,,,,,,
3.76,1.00,1,,,,,,,,,,
3.77,1.00,1,,,,,,,,,,
3.78,1.00,1,,,,,,,,,,
3.79,1.00,1,,,,,,,,,,
3.80,1.00,1,,,,,,,,,,
3.81,1.00,1,,,,,,,,,,
3.82,1.00,1,,,,,,,,,,
3.83,1.00,1,,,,,,,,,,
3.84,1.00,1,,,,,,,,,,
3.85,1.00,1,,,,,,,,,,
3.86,1.00,1,,,,,,,,,,
3.87,1.00,1,,,,,,,,,,
3.88,1.00,1,,,,,,,,,,
3.89,1.00,1,,,,,,,,,,
3.90,1.00,1,,,,,,,,,,
3.91,1.00,1,,,,,,,,,,
3.92,1.00,1,,,,,,,,,,
3.93,1.00,1,,,,,,,,,,
3.94,1.00,1,,,,,,,,,,
3.95,1.00,1,,,,,,,,,,
3.96,1.00,1,,,,,,,,,,
3.97,1.00,1,,,,,,,,,,
3.98,1.00,1,,,,,,,,,,
3.99,1.00,1,,,,,,,,,,
4.00,1.00,1,,,,,,,,,,
4.01,1.00,1,,,,,,,,,,
4.02,1.00,1,,,,,,,,,,
4.03,1.00,1,,,,,,,,,,
4.04,1.00,1,,,,,,,,,,
4.05,1.00,1,,,,,,,,,,
4.06,1.00,1,,,,,,,,,,
4.07,1.00,1,,,,,,,,,,
4.08,1.00,1,,,,,,,,,,
4.09,1.00,1,,,,,,,,,,
4.10,1.00,1,,,,,,,,,,
4.11,1.00,1,,,,,,,,,,
4.12,1.00,1,,,,,,,,,,
4.13,1.00,1,,,,,,,,,,
4.14,1.00,1,,,,,,,,,,
4.15,1.00,1,,,,,,,,,,
4.16,1.00,1,,,,,,,,,,
4.17,1.00,1,,,,,,,,,,
4.18,1.00,1,,,,,,,,,,
4.19,1.00,1,,,,,,,,,,
4.20,1.00,1,,,,,,,,,,
4.21,1.00,1,,,,,,,,,,
4.22,1.00,1,,,,,,,,,,
4.23,1.00,1,,,,,,,,,,
4.24,1.00,1,,,,,,,,,,
4.25,1.00,1,,,,,,,,,,
4.26,1.00,1,,,,,,,,,,
4.27,1.00,1,,,,,,,,,,
4.28,1.00,1,,,,,,,,,,
4.29,1.00,1,,,,,,,,,,
4.30,1.00,1,,,,,,,,,,
4.31,1.00,1,,,,,,,,,,
4.32,1.00,1,,,,,,,,,,
4.33,1.00,1,,,,,,,,,,
4.34,1.00,1,,,,,,,,,,
4.35,1.00,1,,,,,,,,,,
4.36,1.00,1,,,,,,,,,,
4.37,1.00,1,,,,,,,,,,
4.38,1.00,1,,,,,,,,,,
4.39,1.00,1,,,,,,,,,,
4.40,1.00,1,,,,,,,,,,
4.41,1.00,1,,,,,,,,,,
4.42,1.00,1,,,,,,,,,,
4.43,1.00,1,,,,,,,,,,
4.44,1.00,1,,,,,,,,,,
4.45,1.00,1,,,,,,,,,,
4.46,1.00,1,,,,,,,,,,
4.47,1.00,1,,,,,,,,,,
4.48,1.00,1,,,,,,,,,,
4.49,1.00,1,,,,,,,,,,
4.50,1.00,1,,,,,,,,,,
4.51,1.00,1,,,,,,,,,,
4.52,1.00,1,,,,,,,,,,
4.53,1.00,1,,,,,,,,,,
4.54,1.00,1,,,,,,,,,,
4.55,1.00,1,,,,,,,,,,
4.56,1.00,1,,,,,,,,,,
4.57,1.00,1,,,,,,,,,,
4.58,1.00,1,,,,,,,,,,
4.59,1.00,1,,,,,,,,,,
4.60,1.00,1,,,,,,,,,,
4.61,1.00,1,,,,,,,,,,
4.62,1.00,1,,,,,,,,,,
4.63,1.00,1,,,,,,,,,,
4.64,1.00,1,,,,,,,,,,
4.65,1.00,1,,,,,,,,,,
4.66,1.00,1,,,,,,,,,,
4.67,1.00,1,,,,,,,,,,
4.68,1.00,1,,,,,,,,,,
4.69,1.00,1,,,,,,,,,,
4.70,1.00,1,,,,,,,,,,
4.71,1.00,1,,,,,,,,,,
4.72,1.00,1,,,,,,,,,,
4.73,1.00,1,,,,,,,,,,
4.74,1.00,1,,,,,,,,,,
4.75,1.00,1,,,,,,,,,,
4.76,1.00,1,,,,,,,,,,
4.77,1.00,1,,,,,,,,,,
4.78,1.00,1,,,,,,,,,,
4.79,1.00,1,,,,,,,,,,
4.80,1.00,1,,,,,,,,,,
4.81,1.00,1,,,,,,,,,,
4.82,1.00,1,,,,,,,,,,
4.83,1.00,1,,,,,,,,,,
4.84,1.00,1,,,,,,,,,,
4.85,1.00,1,,,,,,,,,,
4.86,1.00,1,,,,,,,,,,
4.87,1.00,1,,,,,,,,,,
4.88,1.00,1,,,,,,,,,,
4.89,1.00,1,,,,,,,,,,
4.90,1.00,1,,,,,,,,,,
4.91,1.00,1,,,,,,,,,,
4.92,1.00,1,,,,,,,,,,
4.93,1.00,1,,,,,,,,,,
4.94,1.00,1,,,,,,,,,,
4.95,1.00,1,,,,,,,,,,
4.96,1.00,1,,,,,,,,,,
4.97,1.00,1,,,,,,,,,,
4.98,1.00,1,,,,,,,,,,
4.99,1.00,1,,,,,,,,,,
5.00,1.00,1,,,,,,,,,,
5.01,1.00,1,,,,,,,,,,
5.02,1.00,1,,,,,,,,,,
5.03,1.00,1,,,,,,,,,,
5.04,1.00,1,,,,,,,,,,
5.05,1.00,1,,,,,,,,,,
5.06,1.00,1,,,,,,,,,,
5.07,1.00,1,,,,,,,,,,
5.08,1.00,1,,,,,,,,,,
5.09,1.00,1,,,,,,,,,,
5.10,1.00,1,,,,,,,,,,
5.11,1.00,1,,,,,,,,,,
5.12,1.00,1,,,,,,,,,,
5.13,1.00,1,,,,,,,,,,
5.14,1.00,1,,,,,,,,,,
5.15,1.00,1,,,,,,,,,,
5.16,1.00,1,,,,,,,,,,
5.17,1.00,1,,,,,,,,,,
5.18,1.00,1,,,,,,,,,,
5.19,1.00,1,,,,,,,,,,
5.20,1.00,1,,,,,,,,,,
5.21,1.00,1,,,,,,,,,,
5.22,1.00,1,,,,,,,,,,
5.23,1.00,1,,,,,,,,,,
5.24,1.00,1,,,,,,,,,,
5.25,1.00,1,,,,,,,,,,
5.26,1.00,1,,,,,,,,,,
5.27,1.00,1,,,,,,,,,,
5.28,1.00,1,,,,,,,,,,
5.29,1.00,1,,,,,,,,,,
5.30,1.00,1,,,,,,,,,,
5.31,1.00,1,,,,,,,,,,
5.32,1.00,1,,,,,,,,,,
5.33,1.00,1,,,,,,,,,,
5.34,1.00,1,,,,,,,,,,
5.35,1.00,1,,,,,,,,,,
5.36,1.00,1,,,,,,,,,,
5.37,1.00,1,,,,,,,,,,
5.38,1.00,1,,,,,,,,,,
5.39,1.00,1,,,,,,,,,,
5.40,1.00,1,,,,,,,,,,
5.41,1.00,1,,,,,,,,,,
5.42,1.00,1,,,,,,,,,,
5.43,1.00,1,,,,,,,,,,
5.44,1.00,1,,,,,,,,,,
5.45,1.00,1,,,,,,,,,,
5.46,1.00,1,,,,,,,,,,
5.47,1.00,1,,,,,,,,,,
5.48,1.00,1,,,,,,,,,,
5.49,1.00,1,,,,,,,,,,
5.50,1.00,1,,,,,,,,,,
5.51,1.00,1,,,,,,,,,,
5.52,1.00,1,,,,,,,,,,
5.53,1.00,1,,,,,,,,,,
5.54,1.00,1,,,,,,,,,,
5.55,1.00,1,,,,,,,,,,
5.56,1.00,1,,,,,,,,,,
5.57,1.00,1,,,,,,,,,,
5.58,1.00,1,,,,,,,,,,
5.59,1.00,1,,,,,,,,,,
5.60,1.00,1,,,,,,,,,,
5.61,1.00,1,,,,,,,,,,
5.62,1.00,1,,,,,,,,,,
5.63,1.00,1,,,,,,,,,,
5.64,1.00,1,,,,,,,,,,
5.65,1.00,1,,,,,,,,,,
5.66,1.00,1,,,,,,,,,,
5.67,1.00,1,,,,,,,,,,
5.68,1.00,1,,,,,,,,,,
5.69,1.00,1,,,,,,,,,,
5.70,1.00,1,,,,,,,,,,
5.71,1.00,1,,,,,,,,,,
5.72,1.00,1,,,,,,,,,,
5.73,1.00,1,,,,,,,,,,
5.74,1.00,1,,,,,,,,,,
5.75,1.00,1,,,,,,,,,,
5.76,1.00,1,,,,,,,,,,
5.77,1.00,1,,,,,,,,,,
5.78,1.00,1,,,,,,,,,,
5.79,1.00,1,,,,,,,,,,
5.80,1.00,1,,,,,,,,,,
5.81,1.00,1,,,,,,,,,,
5.82,1.00,1,,,,,,,,,,
5.83,1.00,1,,,,,,,,,,
5.84,1.00,1,,,,,,,,,,
5.85,1.00,1,,,,,,,,,,
5.86,1.00,1,,,,,,,,,,
5.87,1.00,1,,,,,,,,,,
5.88,1.00,1,,,,,,,,,,
5.89,1.00,1,,,,,,,,,,
5.90,1.00,1,,,,,,,,,,
5.91,1.00,1,,,,,,,,,,
5.92,1.00,1,,,,,,,,,,
5.93,1.00,1,,,,,,,,,,
5.94,1.00,1,,,,,,,,,,
5.95,1.00,1,,,,,,,,,,
5.96,1.00,1,,,,,,,,,,
5.97,1.00,1,,,,,,,,,,
5.98,1.00,1,,,,,,,,,,
5.99,1.00,1,,,,,,,,,,
6.00,1.00,1,,,,,,,,,,
6.01,1.00,1,,,,,,,,,,
6.02,1.00,1,,,,,,,,,,
6.03,1.00,1,,,,,,,,,,
6.04,1.00,1,,,,,,,,,,
6.05,1.00,1,,,,,,,,,,
6.06,1.00,1,,,,,,,,,,
6.07,1.00,1,,,,,,,,,,
6.08,1.00,1,,,,,,,,,,
6.09,1.00,1,,,,,,,,,,
6.10,1.00,1,,,,,,,,,,
6.11,1.00,1,,,,,,,,,,
6.12,1.00,1,,,,,,,,,,
6.13,1.00,1,,,,,,,,,,
6.14,1.00,1,,,,,,,,,,
6.15,1.00,1,,,,,,,,,,
6.16,1.00,1,,,,,,,,,,
6.17,1.00,1,,,,,,,,,,
6.18,1.00,1,,,,,,,,,,
6.19,1.00,1,,,,,,,,,,
6.20,1.00,1,,,,,,,,,,
6.21,1.00,1,,,,,,,,,,
6.22,1.00,1,,,,,,,,,,
6.23,1.00,1,,,,,,,,,,
6.24,1.00,1,,,,,,,,,,
6.25,1.00,1,,,,,,,,,,
6.26,1.00,1,,,,,,,,,,
6.27,1.00,1,,,,,,,,,,
6.28,1.00,1,,,,,,,,,,
6.29,1.00,1,,,,,,,,,,
6.30,1.00,1,,,,,,,,,,
6.31,1.00,1,,,,,,,,,,
6.32,1.00,1,,,,,,,,,,
6.33,1.00,1,,,,,,,,,,
6.34,1.00,1,,,,,,,,,,
6.35,1.00,1,,,,,,,,,,
6.36,1.00,1,,,,,,,,,,
6.37,1.00,1,,,,,,,,,,
6.38,1.00,1,,,,,,,,,,
6.39,1.00,1,,,,,,,,,,
6.40,1.00,1,,,,,,,,,,
6.41,1.00,1,,,,,,,,,,
6.42,1.00,1,,,,,,,,,,
6.43,1.00,1,,,,,,,,,,
6.44,1.00,1,,,,,,,,,,
6.45,1.00,1,,,,,,,,,,
6.46,1.00,1,,,,,,,,,,
6.47,1.00,1,,,,,,,,,,
6.48,1.00,1,,,,,,,,,,
6.49,1.00,1,,,,,,,,,,
6.50,1.00,1,,,,,,,,,,
6.51,1.00,1,,,,,,,,,,
6.52,1.00,1,,,,,,,,,,
6.53,1.00,1,,,,,,,,,,
6.54,1.00,1,,,,,,,,,,
6.55,1.00,1,,,,,,,,,,
6.56,1.00,1,,,,,,,,,,
6.57,1.00,1,,,,,,,,,,
6.58,1.00,1,,,,,,,,,,
6.59,1.00,1,,,,,,,,,,
6.60,1.00,1,,,,,,,,,,
6.61,1.00,1,,,,,,,,,,
6.62,1.00,1,,,,,,,,,,
6.63,1.00,1,,,,,,,,,,
6.64,1.00,1,,,,,,,,,,
6.65,1.00,1,,,,,,,,,,
6.66,1.00,1,,,,,,,,,,
6.67,1.00,1,,,,,,,,,,
6.68,1.00,1,,,,,,,,,,
6.69,1.00,1,,,,,,,,,,
6.70,1.00,1,,,,,,,,,,
6.71,1.00,1,,,,,,,,,,
6.72,1.00,1,,,,,,,,,,
6.73,1.00,1,,,,,,,,,,
6.74,1.00,1,,,,,,,,,,
6.75,1.00,1,,,,,,,,,,
6.76,1.00,1,,,,,,,,,,
6.77,1.00,1,,,,,,,,,,
6.78,1.00,1,,,,,,,,,,
6.79,1.00,1,,,,,,,,,,
6.80,1.00,1,,,,,,,,,,
6.81,1.00,1,,,,,,,,,,
6.82,1.00,1,,,,,,,,,,
6.83,1.00,1,,,,,,,,,,
6.84,1.00,1,,,,,,,,,,
6.85,1.00,1,,,,,,,,,,
6.86,1.00,1,,,,,,,,,,
6.87,1.00,1,,,,,,,,,,
6.88,1.00,1,,,,,,,,,,
6.89,1.00,1,,,,,,,,,,
6.90,1.00,1,,,,,,,,,,
6.91,1.00,1,,,,,,,,,,
6.92,1.00,1,,,,,,,,,,
6.93,1.00,1,,,,,,,,,,
6.94,1.00,1,,,,,,,,,,
6.95,1.00,1,,,,,,,,,,
6.96,1.00,1,,,,,,,,,,
6.97,1.00,1,,,,,,,,,,
6.98,1.00,1,,,,,,,,,,
6.99,1.00,1,,,,,,,,,,
7.00,1.00,1,,,,,,,,,,
7.01,1.00,1,,,,,,,,,,
7.02,1.00,1,,,,,,,,,,
7.03,1.00,1,,,,,,,,,,
7.04,1.00,1,,,,,,,,,,
7.05,1.00,1,,,,,,,,,,
7.06,1.00,1,,,,,,,,,,
7.07,1.00,1,,,,,,,,,,
7.08,1.00,1,,,,,,,,,,
7.09,1.00,1,,,,,,,,,,
7.10,1.00,1,,,,,,,,,,
7.11,1.00,1,,,,,,,,,,
7.12,1.00,1,,,,,,,,,,
7.13,1.00,1,,,,,,,,,,
7.14,1.00,1,,,,,,,,,,
7.15,1.00,1,,,,,,,,,,
7.16,1.00,1,,,,,,,,,,
7.17,1.00,1,,,,,,,,,,
7.18,1.00,1,,,,,,,,,,
7.19,1.00,1,,,,,,,,,,
7.20,1.00,1,,,,,,,,,,
7.21,1.00,1,,,,,,,,,,
7.22,1.00,1,,,,,,,,,,
7.23,1.00,1,,,,,,,,,,
7.24,1.00,1,,,,,,,,,,
7.25,1.00,1,,,,,,,,,,
7.26,1.00,1,,,,,,,,,,
7.27,1.00,1,,,,,,,,,,
7.28,1.00,1,,,,,,,,,,
7.29,1.00,1,,,,,,,,,,
7.30,1.00,1,,,,,,,,,,
7.31,1.00,1,,,,,,,,,,
7.32,1.00,1,,,,,,,,,,
7.33,1.00,1,,,,,,,,,,
7.34,1.00,1,,,,,,,,,,
7.35,1.00,1,,,,,,,,,,
7.36,1.00,1,,,,,,,,,,
7.37,1.00,1,,,,,,,,,,
7.38,1.00,1,,,,,,,,,,
7.39,1.00,1,,,,,,,,,,
7.40,1.00,1,,,,,,,,,,
7.41,1.00,1,,,,,,,,,,
7.42,1.00,1,,,,,,,,,,
7.43,1.00,1,,,,,,,,,,
7.44,1.00,1,,,,,,,,,,
7.45,1.00,1,,,,,,,,,,
7.46,1.00,1,,,,,,,,,,
7.47,1.00,1,,,,,,,,,,
7.48,1.00,1,,,,,,,,,,
7.49,1.00,1,,,,,,,,,,
7.50,1.00,1,,,,,,,,,,
7.51,1.00,1,,,,,,,,,,
7.52,1.00,1,,,,,,,,,,
7.53,1.00,1,,,,,,,,,,
7.54,1.00,1,,,,,,,,,,
7.55,1.00,1,,,,,,,,,,
7.56,1.00,1,,,,,,,,,,
7.57,1.00,1,,,,,,,,,,
7.58,1.00,1,,,,,,,,,,
7.59,1.00,1,,,,,,,,,,
7.60,1.00,1,,,,,,,,,,
7.61,1.00,1,,,,,,,,,,
7.62,1.00,1,,,,,,,,,,
7.63,1.00,1,,,,,,,,,,
7.64,1.00,1,,,,,,,,,,
7.65,1.00,1,,,,,,,,,,
7.66,1.00,1,,,,,,,,,,
7.67,1.00,1,,,,,,,,,,
7.68,1.00,1,,,,,,,,,,
7.69,1.00,1,,,,,,,,,,
7.70,1.00,1,,,,,,,,,,
7.71,1.00,1,,,,,,,,,,
7.72,1.00,1,,,,,,,,,,
7.73,1.00,1,,,,,,,,,,
7.74,1.00,1,,,,,,,,,,
7.75,1.00,1,,,,,,,,,,
7.76,1.00,1,,,,,,,,,,
7.77,1.00,1,,,,,,,,,,
7.78,1.00,1,,,,,,,,,,
7.79,1.00,1,,,,,,,,,,
7.80,1.00,1,,,,,,,,,,
7.81,1.00,1,,,,,,,,,,
7.82,1.00,1,,,,,,,,,,
7.83,1.00,1,,,,,,,,,,
7.84,1.00,1,,,,,,,,,,
7.85,1.00,1,,,,,,,,,,
7.86,1.00,1,,,,,,,,,,
7.87,1.00,1,,,,,,,,,,
7.88,1.00,1,,,,,,,,,,
7.89,1.00,1,,,,,,,,,,
7.90,1.00,1,,,,,,,,,,
7.91,1.00,1,,,,,,,,,,
7.92,1.00,1,,,,,,,,,,
7.93,1.00,1,,,,,,,,,,
7.94,1.00,1,,,,,,,,,,
7.95,1.00,1,,,,,,,,,,
7.96,1.00,1,,,,,,,,,,
7.97,1.00,1,,,,,,,,,,
7.98,1.00,1,,,,,,,,,,
7.99,1.00,1,,,,,,,,,,
8.00,1.00,1,,,,,,,,,,
8.01,1.00,1,,,,,,,,,,
8.02,1.00,1,,,,,,,,,,
8.03,1.00,1,,,,,,,,,,
8.04,1.00,1,,,,,,,,,,
8.05,1.00,1,,,,,,,,,,
8.06,1.00,1,,,,,,,,,,
8.07,1.00,1,,,,,,,,,,
8.08,1.00,1,,,,,,,,,,
8.09,1.00,1,,,,,,,,,,
8.10,1.00,1,,,,,,,,,,
8.11,1.00,1,,,,,,,,,,
8.12,1.00,1,,,,,,,,,,
8.13,1.00,1,,,,,,,,,,
8.14,1.00,1,,,,,,,,,,
8.15,1.00,1,,,,,,,,,,
8.16,1.00,1,,,,,,,,,,
8.17,1.00,1,,,,,,,,,,
8.18,1.00,1,,,,,,,,,,
8.19,1.00,1,,,,,,,,,,
8.20,1.00,1,,,,,,,,,,
8.21,1.00,1,,,,,,,,,,
8.22,1.00,1,,,,,,,,,,
8.23,1.00,1,,,,,,,,,,
8.24,1.00,1,,,,,,,,,,
8.25,1.00,1,,,,,,,,,,
8.26,1.00,1,,,,,,,,,,
8.27,1.00,1,,,,,,,,,,
8.28,1.00,1,,,,,,,,,,
8.29,1.00,1,,,,,,,,,,
8.30,1.00,1,,,,,,,,,,
8.31,1.00,1,,,,,,,,,,
8.32,1.00,1,,,,,,,,,,
8.33,1.00,1,,,,,,,,,,
8.34,1.00,1,,,,,,,,,,
8.35,1.00,1,,,,,,,,,,
8.36,1.00,1,,,,,,,,,,
8.37,1.00,1,,,,,,,,,,
8.38,1.00,1,,,,,,,,,,
8.39,1.00,1,,,,,,,,,,
8.40,1.00,1,,,,,,,,,,
8.41,1.00,1,,,,,,,,,,
8.42,1.00,1,,,,,,,,,,
8.43,1.00,1,,,,,,,,,,
8.44,1.00,1,,,,,,,,,,
8.45,1.00,1,,,,,,,,,,
8.46,1.00,1,,,,,,,,,,
8.47,1.00,1,,,,,,,,,,
8.48,1.00,1,,,,,,,,,,
8.49,1.00,1,,,,,,,,,,
8.50,1.00,1,,,,,,,,,,
8.51,1.00,1,,,,,,,,,,
8.52,1.00,1,,,,,,,,,,
8.53,1.00,1,,,,,,,,,,
8.54,1.00,1,,,,,,,,,,
8.55,1.00,1,,,,,,,,,,
8.56,1.00,1,,,,,,,,,,
8.57,1.00,1,,,,,,,,,,
8.58,1.00,1,,,,,,,,,,
8.59,1.00,1,,,,,,,,,,
8.60,1.00,1,,,,,,,,,,
8.61,1.00,1,,,,,,,,,,
8.62,1.00,1,,,,,,,,,,
8.63,1.00,1,,,,,,,,,,
8.64,1.00,1,,,,,,,,,,
8.65,1.00,1,,,,,,,,,,
8.66,1.00,1,,,,,,,,,,
8.67,1.00,1,,,,,,,,,,
8.68,1.00,1,,,,,,,,,,
8.69,1.00,1,,,,,,,,,,
8.70,1.00,1,,,,,,,,,,
8.71,1.00,1,,,,,,,,,,
8.72,1.00,1,,,,,,,,,,
8.73,1.00,1,,,,,,,,,,
8.74,1.00,1,,,,,,,,,,
8.75,1.00,1,,,,,,,,,,
8.76,1.00,1,,,,,,,,,,
8.77,1.00,1,,,,,,,,,,
8.78,1.00,1,,,,,,,,,,
8.79,1.00,1,,,,,,,,,,
8.80,1.00,1,,,,,,,,,,
8.81,1.00,1,,,,,,,,,,
8.82,1.00,1,,,,,,,,,,
8.83,1.00,1,,,,,,,,,,
8.84,1.00,1,,,,,,,,,,
8.85,1.00,1,,,,,,,,,,
8.86,1.00,1,,,,,,,,,,
8.87,1.00,1,,,,,,,,,,
8.88,1.00,1,,,,,,,,,,
8.89,1.00,1,,,,,,,,,,
8.90,1.00,1,,,,,,,,,,
8.91,1.00,1,,,,,,,,,,
8.92,1.00,1,,,,,,,,,,
8.93,1.00,1,,,,,,,,,,
8.94,1.00,1,,,,,,,,,,
8.95,1.00,1,,,,,,,,,,
8.96,1.00,1,,,,,,,,,,
8.97,1.00,1,,,,,,,,,,
8.98,1.00,1,,,,,,,,,,
8.99,1.00,1,,,,,,,,,,
9.00,1.00,1,,,,,,,,,,
9.01,1.00,1,,,,,,,,,,
9.02,1.00,1,,,,,,,,,,
9.03,1.00,1,,,,,,,,,,
9.04,1.00,1,,,,,,,,,,
9.05,1.00,1,,,,,,,,,,
9.06,1.00,1,,,,,,,,,,
9.07,1.00,1,,,,,,,,,,
9.08,1.00,1,,,,,,,,,,
9.09,1.00,1,,,,,,,,,,
9.10,1.00,1,,,,,,,,,,
9.11,1.00,1,,,,,,,,,,
9.12,1.00,1,,,,,,,,,,
9.13,1.00,1,,,,,,,,,,
9.14,1.00,1,,,,,,,,,,
9.15,1.00,1,,,,,,,,,,
9.16,1.00,1,,,,,,,,,,
9.17,1.00,1,,,,,,,,,,
9.18,1.00,1,,,,,,,,,,
9.19,1.00,1,,,,,,,,,,
9.20,1.00,1,,,,,,,,,,
9.21,1.00,1,,,,,,,,,,
9.22,1.00,1,,,,,,,,,,
9.23,1.00,1,,,,,,,,,,
9.24,1.00,1,,,,,,,,,,
9.25,1.00,1,,,,,,,,,,
9.26,1.00,1,,,,,,,,,,
9.27,1.00,1,,,,,,,,,,
9.28,1.00,1,,,,,,,,,,
9.29,1.00,1,,,,,,,,,,
9.30,1.00,1,,,,,,,,,,
9.31,1.00,1,,,,,,,,,,
9.32,1.00,1,,,,,,,,,,
9.33,1.00,1,,,,,,,,,,
9.34,1.00,1,,,,,,,,,,
9.35,1.00,1,,,,,,,,,,
9.36,1.00,1,,,,,,,,,,
9.37,1.00,1,,,,,,,,,,
9.38,1.00,1,,,,,,,,,,
9.39,1.00,1,,,,,,,,,,
9.40,1.00,1,,,,,,,,,,
9.41,1.00,1,,,,,,,,,,
9.42,1.00,1,,,,,,,,,,
9.43,1.00,1,,,,,,,,,,
9.44,1.00,1,,,,,,,,,,
9.45,1.00,1,,,,,,,,,,
9.46,1.00,1,,,,,,,,,,
9.47,1.00,1,,,,,,,,,,
9.48,1.00,1,,,,,,,,,,
9.49,1.00,1,,,,,,,,,,
9.50,1.00,1,,,,,,,,,,
9.51,1.00,1,,,,,,,,,,
9.52,1.00,1,,,,,,,,,,
9.53,1.00,1,,,,,,,,,,
9.54,1.00,1,,,,,,,,,,
9.55,1.00,1,,,,,,,,,,
9.56,1.00,1,,,,,,,,,,
9.57,1.00,1,,,,,,,,,,
9.58,1.00,1,,,,,,,,,,
9.59,1.00,1,,,,,,,,,,
9.60,1.00,1,,,,,,,,,,
9.61,1.00,1,,,,,,,,,,
9.62,1.00,1,,,,,,,,,,
9.63,1.00,1,,,,,,,,,,
9.64,1.00,1,,,,,,,,,,
9.65,1.00,1,,,,,,,,,,
9.66,1.00,1,,,,,,,,,,
9.67,1.00,1,,,,,,,,,,
9.68,1.00,1,,,,,,,,,,
9.69,1.00,1,,,,,,,,,,
9.70,1.00,1,,,,,,,,,,
9.71,1.00,1,,,,,,,,,,
9.72,1.00,1,,,,,,,,,,
9.73,1.00,1,,,,,,,,,,
9.74,1.00,1,,,,,,,,,,
9.75,1.00,1,,,,,,,,,,
9.76,1.00,1,,,,,,,,,,
9.77,1.00,1,,,,,,,,,,
9.78,1.00,1,,,,,,,,,,
9.79,1.00,1,,,,,,,,,,
9.80,1.00,1,,,,,,,,,,
9.81,1.00,1,,,,,,,,,,
9.82,1.00,1,,,,,,,,,,
9.83,1.00,1,,,,,,,,,,
9.84,1.00,1,,,,,,,,,,
9.85,1.00,1,,,,,,,,,,
9.86,1.00,1,,,,,,,,,,
9.87,1.00,1,,,,,,,,,,
9.88,1.00,1,,,,,,,,,,
9.89,1.00,1,,,,,,,,,,
9.90,1.00,1,,,,,,,,,,
9.91,1.00,1,,,,,,,,,,
9.92,1.00,1,,,,,,,,,,
9.93,1.00,1,,,,,,,,,,
9.94,1.00,1,,,,,,,,,,
9.95,1.00,1,,,,,,,,,,
9.96,1.00,1,,,,,,,,,,
9.97,1.00,1,,,,,,,,,,
9.98,1.00,1,,,,,,,,,,
9.99,1.00,1,,,,,,,,,,
10.00,1.00,1,,,,,,,,,,
0.00,0.00,2,,,,,,,,,,
0.01,0,2,,,,,,,,,,
0.02,0,2,,,,,,,,,,
0.03,0,2,,,,,,,,,,
0.04,0,2,,,,,,,,,,
0.05,0,2,,,,,,,,,,
0.06,0,2,,,,,,,,,,
0.07,0,2,,,,,,,,,,
0.08,0,2,,,,,,,,,,
0.09,0,2,,,,,,,,,,
0.10,0,2,,,,,,,,,,
0.11,0,2,,,,,,,,,,
0.12,0,2,,,,,,,,,,
0.13,0,2,,,,,,,,,,
0.14,0,2,,,,,,,,,,
0.15,0,2,,,,,,,,,,
0.16,0,2,,,,,,,,,,
0.17,0,2,,,,,,,,,,
0.18,0,2,,,,,,,,,,
0.19,0,2,,,,,,,,,,
0.20,0,2,,,,,,,,,,
0.21,0,2,,,,,,,,,,
0.22,0,2,,,,,,,,,,
0.23,0,2,,,,,,,,,,
0.24,0,2,,,,,,,,,,
0.25,0,2,,,,,,,,,,
0.26,0,2,,,,,,,,,,
0.27,0.000327439077631988,2,,,,,,,,,,
0.28,0.0045500557265339,2,,,,,,,,,,
0.29,0.0101757280493694,2,,,,,,,,,,
0.30,0.0112046263851775,2,,,,,,,,,,
0.31,0.00848991308656151,2,,,,,,,,,,
0.32,0.00989176719236362,2,,,,,,,,,,
0.33,0.015967162913882,2,,,,,,,,,,
0.34,0.0195753833892528,2,,,,,,,,,,
0.35,0.0194186796742524,2,,,,,,,,,,
0.36,0.0205300576346162,2,,,,,,,,,,
0.37,0.0245594894129689,2,,,,,,,,,,
0.38,0.029425983594721,2,,,,,,,,,,
0.39,0.0356445857921778,2,,,,,,,,,,
0.40,0.0397962600256169,2,,,,,,,,,,
0.41,0.040123807578815,2,,,,,,,,,,
0.42,0.0440353432418439,2,,,,,,,,,,
0.43,0.0506536479490373,2,,,,,,,,,,
0.44,0.055259811293421,2,,,,,,,,,,
0.45,0.0585314175645072,2,,,,,,,,,,
0.46,0.0613440740768428,2,,,,,,,,,,
0.47,0.0645712823642027,2,,,,,,,,,,
0.48,0.0690931482746854,2,,,,,,,,,,
0.49,0.0756828429250175,2,,,,,,,,,,
0.50,0.0798506357887565,2,,,,,,,,,,
0.51,0.0801020023586161,2,,,,,,,,,,
0.52,0.0839763740035772,2,,,,,,,,,,
0.53,0.090645926172891,2,,,,,,,,,,
0.54,0.0952539951235825,2,,,,,,,,,,
0.55,0.0984850341774206,2,,,,,,,,,,
0.56,0.101303179465467,2,,,,,,,,,,
0.57,0.104623832526888,2,,,,,,,,,,
0.58,0.109268012562314,2,,,,,,,,,,
0.59,0.114927944250989,2,,,,,,,,,,
0.60,0.120134602666312,2,,,,,,,,,,
0.61,0.124694564458716,2,,,,,,,,,,
0.62,0.129798359056855,2,,,,,,,,,,
0.63,0.135201912999869,2,,,,,,,,,,
0.64,0.139225529336328,2,,,,,,,,,,
0.65,0.145008232252984,2,,,,,,,,,,
0.66,0.154149952998412,2,,,,,,,,,,
0.67,0.160965952674165,2,,,,,,,,,,
0.68,0.164457257967226,2,,,,,,,,,,
0.69,0.169028886656594,2,,,,,,,,,,
0.70,0.176098797133761,2,,,,,,,,,,
0.71,0.183557326897113,2,,,,,,,,,,
0.72,0.190110840417461,2,,,,,,,,,,
0.73,0.195528106681541,2,,,,,,,,,,
0.74,0.199081875140159,2,,,,,,,,,,
0.75,0.204830158338667,2,,,,,,,,,,
0.76,0.214472981252186,2,,,,,,,,,,
0.77,0.220638723447169,2,,,,,,,,,,
0.78,0.224346313786937,2,,,,,,,,,,
0.79,0.229449734157103,2,,,,,,,,,,
0.80,0.235271552587492,2,,,,,,,,,,
0.81,0.244000921214737,2,,,,,,,,,,
0.82,0.254289443851693,2,,,,,,,,,,
0.83,0.260893720552256,2,,,,,,,,,,
0.84,0.264622992325926,2,,,,,,,,,,
0.85,0.272973494019778,2,,,,,,,,,,
0.86,0.285933129663191,2,,,,,,,,,,
0.87,0.294989345323937,2,,,,,,,,,,
0.88,0.298910949546087,2,,,,,,,,,,
0.89,0.304913623731779,2,,,,,,,,,,
0.90,0.314862937496778,2,,,,,,,,,,
0.91,0.324209845615327,2,,,,,,,,,,
0.92,0.330638530372169,2,,,,,,,,,,
0.93,0.334773303945967,2,,,,,,,,,,
0.94,0.338686705983275,2,,,,,,,,,,
0.95,0.345719620424553,2,,,,,,,,,,
0.96,0.353970450631259,2,,,,,,,,,,
0.97,0.360008082491974,2,,,,,,,,,,
0.98,0.365250823090521,2,,,,,,,,,,
0.99,0.369097571389831,2,,,,,,,,,,
1.00,0.374776149285179,2,,,,,,,,,,
1.01,0.384356339764976,2,,,,,,,,,,
1.02,0.392061771198061,2,,,,,,,,,,
1.03,0.397160192538064,2,,,,,,,,,,
1.04,0.402386701503754,2,,,,,,,,,,
1.05,0.407207443538008,2,,,,,,,,,,
1.06,0.412179335359219,2,,,,,,,,,,
1.07,0.417255564484545,2,,,,,,,,,,
1.08,0.422257890256787,2,,,,,,,,,,
1.09,0.427219042748122,2,,,,,,,,,,
1.10,0.432214421839675,2,,,,,,,,,,
1.11,0.437229328003533,2,,,,,,,,,,
1.12,0.442230242724303,2,,,,,,,,,,
1.13,0.44721979951894,2,,,,,,,,,,
1.14,0.452210429294328,2,,,,,,,,,,
1.15,0.457210496993287,2,,,,,,,,,,
1.16,0.462221822655762,2,,,,,,,,,,
1.17,0.467220858463282,2,,,,,,,,,,
1.18,0.472190661463615,2,,,,,,,,,,
1.19,0.477181566987329,2,,,,,,,,,,
1.20,0.48223425716862,2,,,,,,,,,,
1.21,0.487247724183023,2,,,,,,,,,,
1.22,0.492136722885476,2,,,,,,,,,,
1.23,0.497094032114573,2,,,,,,,,,,
1.24,0.502287226139144,2,,,,,,,,,,
1.25,0.507363017023184,2,,,,,,,,,,
1.26,0.512055720680534,2,,,,,,,,,,
1.27,0.517044010255357,2,,,,,,,,,,
1.28,0.522243613799959,2,,,,,,,,,,
1.29,0.527300267004645,2,,,,,,,,,,
1.30,0.532181738102384,2,,,,,,,,,,
1.31,0.537013240221262,2,,,,,,,,,,
1.32,0.542211819800283,2,,,,,,,,,,
1.33,0.547483452998483,2,,,,,,,,,,
1.34,0.551104254137548,2,,,,,,,,,,
1.35,0.559334389183394,2,,,,,,,,,,
1.36,0.568117695421126,2,,,,,,,,,,
1.37,0.572003079855616,2,,,,,,,,,,
1.38,0.577081125192613,2,,,,,,,,,,
1.39,0.582283918984515,2,,,,,,,,,,
1.40,0.587088192631425,2,,,,,,,,,,
1.41,0.592130649943158,2,,,,,,,,,,
1.42,0.597232859501316,2,,,,,,,,,,
1.43,0.602088542910087,2,,,,,,,,,,
1.44,0.607000162139715,2,,,,,,,,,,
1.45,0.612286229771691,2,,,,,,,,,,
1.46,0.617412770893545,2,,,,,,,,,,
1.47,0.621864112994294,2,,,,,,,,,,
1.48,0.626528784428023,2,,,,,,,,,,
1.49,0.632462353190487,2,,,,,,,,,,
1.50,0.639378210632168,2,,,,,,,,,,
1.51,0.646534894867617,2,,,,,,,,,,
1.52,0.653006125627289,2,,,,,,,,,,
1.53,0.657559522179711,2,,,,,,,,,,
1.54,0.660157070172672,2,,,,,,,,,,
1.55,0.669320659578429,2,,,,,,,,,,
1.56,0.680649279468847,2,,,,,,,,,,
1.57,0.686683904701123,2,,,,,,,,,,
1.58,0.691131950048066,2,,,,,,,,,,
1.59,0.699617275857599,2,,,,,,,,,,
1.60,0.709644292400701,2,,,,,,,,,,
1.61,0.717094059944066,2,,,,,,,,,,
1.62,0.722639505825669,2,,,,,,,,,,
1.63,0.727460054980253,2,,,,,,,,,,
1.64,0.730319200583916,2,,,,,,,,,,
1.65,0.739200266509646,2,,,,,,,,,,
1.66,0.750383128184417,2,,,,,,,,,,
1.67,0.756891040595694,2,,,,,,,,,,
1.68,0.761469903376223,2,,,,,,,,,,
1.69,0.768963654049144,2,,,,,,,,,,
1.70,0.77901258304072,2,,,,,,,,,,
1.71,0.789489499262364,2,,,,,,,,,,
1.72,0.79775976739658,2,,,,,,,,,,
1.73,0.802242575057431,2,,,,,,,,,,
1.74,0.807655832473439,2,,,,,,,,,,
1.75,0.818846784741039,2,,,,,,,,,,
1.76,0.830784317079145,2,,,,,,,,,,
1.77,0.837120578143045,2,,,,,,,,,,
1.78,0.841296326054455,2,,,,,,,,,,
1.79,0.848777124055606,2,,,,,,,,,,
1.80,0.85901093236114,2,,,,,,,,,,
1.81,0.869486634950234,2,,,,,,,,,,
1.82,0.877692057692594,2,,,,,,,,,,
1.83,0.882242321322191,2,,,,,,,,,,
1.84,0.887677500240439,2,,,,,,,,,,
1.85,0.898697891422104,2,,,,,,,,,,
1.86,0.910623303295449,2,,,,,,,,,,
1.87,0.917339049434639,2,,,,,,,,,,
1.88,0.921432558502284,2,,,,,,,,,,
1.89,0.928008703493395,2,,,,,,,,,,
1.90,0.939188096176316,2,,,,,,,,,,
1.91,0.950449185922646,2,,,,,,,,,,
1.92,0.956816086064474,2,,,,,,,,,,
1.93,0.961522292324327,2,,,,,,,,,,
1.94,0.96920273442417,2,,,,,,,,,,
1.95,0.977426178221908,2,,,,,,,,,,
1.96,0.982482435244599,2,,,,,,,,,,
1.97,0.986410535365012,2,,,,,,,,,,
1.98,0.992222644704918,2,,,,,,,,,,
1.99,0.997845744884049,2,,,,,,,,,,
2.00,1,2,,,,,,,,,,
2.01,1,2,,,,,,,,,,
2.02,1,2,,,,,,,,,,
2.03,1,2,,,,,,,,,,
2.04,1,2,,,,,,,,,,
2.05,1,2,,,,,,,,,,
2.06,1,2,,,,,,,,,,
2.07,1,2,,,,,,,,,,
2.08,1,2,,,,,,,,,,
2.09,1,2,,,,,,,,,,
2.10,1,2,,,,,,,,,,
2.11,1,2,,,,,,,,,,
2.12,1,2,,,,,,,,,,
2.13,1,2,,,,,,,,,,
2.14,1,2,,,,,,,,,,
2.15,1,2,,,,,,,,,,
2.16,1,2,,,,,,,,,,
2.17,1,2,,,,,,,,,,
2.18,1,2,,,,,,,,,,
2.19,1,2,,,,,,,,,,
2.20,1,2,,,,,,,,,,
2.21,1,2,,,,,,,,,,
2.22,1,2,,,,,,,,,,
2.23,1,2,,,,,,,,,,
2.24,1,2,,,,,,,,,,
2.25,1,2,,,,,,,,,,
2.26,1,2,,,,,,,,,,
2.27,1,2,,,,,,,,,,
2.28,1,2,,,,,,,,,,
2.29,1,2,,,,,,,,,,
2.30,1,2,,,,,,,,,,
2.31,1,2,,,,,,,,,,
2.32,1,2,,,,,,,,,,
2.33,1,2,,,,,,,,,,
2.34,1,2,,,,,,,,,,
2.35,1,2,,,,,,,,,,
2.36,1,2,,,,,,,,,,
2.37,1,2,,,,,,,,,,
2.38,1,2,,,,,,,,,,
2.39,1,2,,,,,,,,,,
2.40,1,2,,,,,,,,,,
2.41,1,2,,,,,,,,,,
2.42,1,2,,,,,,,,,,
2.43,1,2,,,,,,,,,,
2.44,1,2,,,,,,,,,,
2.45,1,2,,,,,,,,,,
2.46,1,2,,,,,,,,,,
2.47,1,2,,,,,,,,,,
2.48,1,2,,,,,,,,,,
2.49,1,2,,,,,,,,,,
2.50,1,2,,,,,,,,,,
2.51,1,2,,,,,,,,,,
2.52,1,2,,,,,,,,,,
2.53,1,2,,,,,,,,,,
2.54,1,2,,,,,,,,,,
2.55,1,2,,,,,,,,,,
2.56,1,2,,,,,,,,,,
2.57,1,2,,,,,,,,,,
2.58,1,2,,,,,,,,,,
2.59,1,2,,,,,,,,,,
2.60,1,2,,,,,,,,,,
2.61,1,2,,,,,,,,,,
2.62,1,2,,,,,,,,,,
2.63,1,2,,,,,,,,,,
2.64,1,2,,,,,,,,,,
2.65,1,2,,,,,,,,,,
2.66,1,2,,,,,,,,,,
2.67,1,2,,,,,,,,,,
2.68,1,2,,,,,,,,,,
2.69,1,2,,,,,,,,,,
2.70,1,2,,,,,,,,,,
2.71,1,2,,,,,,,,,,
2.72,1,2,,,,,,,,,,
2.73,1,2,,,,,,,,,,
2.74,1,2,,,,,,,,,,
2.75,1,2,,,,,,,,,,
2.76,1,2,,,,,,,,,,
2.77,1,2,,,,,,,,,,
2.78,1,2,,,,,,,,,,
2.79,1,2,,,,,,,,,,
2.80,1,2,,,,,,,,,,
2.81,1,2,,,,,,,,,,
2.82,1,2,,,,,,,,,,
2.83,1,2,,,,,,,,,,
2.84,1,2,,,,,,,,,,
2.85,1,2,,,,,,,,,,
2.86,1,2,,,,,,,,,,
2.87,1,2,,,,,,,,,,
2.88,1,2,,,,,,,,,,
2.89,1,2,,,,,,,,,,
2.90,1,2,,,,,,,,,,
2.91,1,2,,,,,,,,,,
2.92,1,2,,,,,,,,,,
2.93,1,2,,,,,,,,,,
2.94,1,2,,,,,,,,,,
2.95,1,2,,,,,,,,,,
2.96,1,2,,,,,,,,,,
2.97,1,2,,,,,,,,,,
2.98,1,2,,,,,,,,,,
2.99,1,2,,,,,,,,,,
3.00,1,2,,,,,,,,,,
3.01,1,2,,,,,,,,,,
3.02,1,2,,,,,,,,,,
3.03,1,2,,,,,,,,,,
3.04,1,2,,,,,,,,,,
3.05,1,2,,,,,,,,,,
3.06,1,2,,,,,,,,,,
3.07,1,2,,,,,,,,,,
3.08,1,2,,,,,,,,,,
3.09,1,2,,,,,,,,,,
3.10,1,2,,,,,,,,,,
3.11,1,2,,,,,,,,,,
3.12,1,2,,,,,,,,,,
3.13,1,2,,,,,,,,,,
3.14,1,2,,,,,,,,,,
3.15,1,2,,,,,,,,,,
3.16,1,2,,,,,,,,,,
3.17,1,2,,,,,,,,,,
3.18,1,2,,,,,,,,,,
3.19,1,2,,,,,,,,,,
3.20,1,2,,,,,,,,,,
3.21,1,2,,,,,,,,,,
3.22,1,2,,,,,,,,,,
3.23,1,2,,,,,,,,,,
3.24,1,2,,,,,,,,,,
3.25,1,2,,,,,,,,,,
3.26,1,2,,,,,,,,,,
3.27,1,2,,,,,,,,,,
3.28,1,2,,,,,,,,,,
3.29,1,2,,,,,,,,,,
3.30,1,2,,,,,,,,,,
3.31,1,2,,,,,,,,,,
3.32,1,2,,,,,,,,,,
3.33,1,2,,,,,,,,,,
3.34,1,2,,,,,,,,,,
3.35,1,2,,,,,,,,,,
3.36,1,2,,,,,,,,,,
3.37,1,2,,,,,,,,,,
3.38,1,2,,,,,,,,,,
3.39,1,2,,,,,,,,,,
3.40,1,2,,,,,,,,,,
3.41,1,2,,,,,,,,,,
3.42,1,2,,,,,,,,,,
3.43,1,2,,,,,,,,,,
3.44,1,2,,,,,,,,,,
3.45,1,2,,,,,,,,,,
3.46,1,2,,,,,,,,,,
3.47,1,2,,,,,,,,,,
3.48,1,2,,,,,,,,,,
3.49,1,2,,,,,,,,,,
3.50,1,2,,,,,,,,,,
3.51,1,2,,,,,,,,,,
3.52,1,2,,,,,,,,,,
3.53,1,2,,,,,,,,,,
3.54,1,2,,,,,,,,,,
3.55,1,2,,,,,,,,,,
3.56,1,2,,,,,,,,,,
3.57,1,2,,,,,,,,,,
3.58,1,2,,,,,,,,,,
3.59,1,2,,,,,,,,,,
3.60,1,2,,,,,,,,,,
3.61,1,2,,,,,,,,,,
3.62,1,2,,,,,,,,,,
3.63,1,2,,,,,,,,,,
3.64,1,2,,,,,,,,,,
3.65,1,2,,,,,,,,,,
3.66,1,2,,,,,,,,,,
3.67,1,2,,,,,,,,,,
3.68,1,2,,,,,,,,,,
3.69,1,2,,,,,,,,,,
3.70,1,2,,,,,,,,,,
3.71,1,2,,,,,,,,,,
3.72,1,2,,,,,,,,,,
3.73,1,2,,,,,,,,,,
3.74,1,2,,,,,,,,,,
3.75,1,2,,,,,,,,,,
3.76,1,2,,,,,,,,,,
3.77,1,2,,,,,,,,,,
3.78,1,2,,,,,,,,,,
3.79,1,2,,,,,,,,,,
3.80,1,2,,,,,,,,,,
3.81,1,2,,,,,,,,,,
3.82,1,2,,,,,,,,,,
3.83,1,2,,,,,,,,,,
3.84,1,2,,,,,,,,,,
3.85,1,2,,,,,,,,,,
3.86,1,2,,,,,,,,,,
3.87,1,2,,,,,,,,,,
3.88,1,2,,,,,,,,,,
3.89,1,2,,,,,,,,,,
3.90,1,2,,,,,,,,,,
3.91,1,2,,,,,,,,,,
3.92,1,2,,,,,,,,,,
3.93,1,2,,,,,,,,,,
3.94,1,2,,,,,,,,,,
3.95,1,2,,,,,,,,,,
3.96,1,2,,,,,,,,,,
3.97,1,2,,,,,,,,,,
3.98,1,2,,,,,,,,,,
3.99,1,2,,,,,,,,,,
4.00,1,2,,,,,,,,,,
4.01,1,2,,,,,,,,,,
4.02,1,2,,,,,,,,,,
4.03,1,2,,,,,,,,,,
4.04,1,2,,,,,,,,,,
4.05,1,2,,,,,,,,,,
4.06,1,2,,,,,,,,,,
4.07,1,2,,,,,,,,,,
4.08,1,2,,,,,,,,,,
4.09,1,2,,,,,,,,,,
4.10,1,2,,,,,,,,,,
4.11,1,2,,,,,,,,,,
4.12,1,2,,,,,,,,,,
4.13,1,2,,,,,,,,,,
4.14,1,2,,,,,,,,,,
4.15,1,2,,,,,,,,,,
4.16,1,2,,,,,,,,,,
4.17,1,2,,,,,,,,,,
4.18,1,2,,,,,,,,,,
4.19,1,2,,,,,,,,,,
4.20,1,2,,,,,,,,,,
4.21,1,2,,,,,,,,,,
4.22,1,2,,,,,,,,,,
4.23,1,2,,,,,,,,,,
4.24,1,2,,,,,,,,,,
4.25,1,2,,,,,,,,,,
4.26,1,2,,,,,,,,,,
4.27,1,2,,,,,,,,,,
4.28,1,2,,,,,,,,,,
4.29,1,2,,,,,,,,,,
4.30,1,2,,,,,,,,,,
4.31,1,2,,,,,,,,,,
4.32,1,2,,,,,,,,,,
4.33,1,2,,,,,,,,,,
4.34,1,2,,,,,,,,,,
4.35,1,2,,,,,,,,,,
4.36,1,2,,,,,,,,,,
4.37,1,2,,,,,,,,,,
4.38,1,2,,,,,,,,,,
4.39,1,2,,,,,,,,,,
4.40,1,2,,,,,,,,,,
4.41,1,2,,,,,,,,,,
4.42,1,2,,,,,,,,,,
4.43,1,2,,,,,,,,,,
4.44,1,2,,,,,,,,,,
4.45,1,2,,,,,,,,,,
4.46,1,2,,,,,,,,,,
4.47,1,2,,,,,,,,,,
4.48,1,2,,,,,,,,,,
4.49,1,2,,,,,,,,,,
4.50,1,2,,,,,,,,,,
4.51,1,2,,,,,,,,,,
4.52,1,2,,,,,,,,,,
4.53,1,2,,,,,,,,,,
4.54,1,2,,,,,,,,,,
4.55,1,2,,,,,,,,,,
4.56,1,2,,,,,,,,,,
4.57,1,2,,,,,,,,,,
4.58,1,2,,,,,,,,,,
4.59,1,2,,,,,,,,,,
4.60,1,2,,,,,,,,,,
4.61,1,2,,,,,,,,,,
4.62,1,2,,,,,,,,,,
4.63,1,2,,,,,,,,,,
4.64,1,2,,,,,,,,,,
4.65,1,2,,,,,,,,,,
4.66,1,2,,,,,,,,,,
4.67,1,2,,,,,,,,,,
4.68,1,2,,,,,,,,,,
4.69,1,2,,,,,,,,,,
4.70,1,2,,,,,,,,,,
4.71,1,2,,,,,,,,,,
4.72,1,2,,,,,,,,,,
4.73,1,2,,,,,,,,,,
4.74,1,2,,,,,,,,,,
4.75,1,2,,,,,,,,,,
4.76,1,2,,,,,,,,,,
4.77,1,2,,,,,,,,,,
4.78,1,2,,,,,,,,,,
4.79,1,2,,,,,,,,,,
4.80,1,2,,,,,,,,,,
4.81,1,2,,,,,,,,,,
4.82,1,2,,,,,,,,,,
4.83,1,2,,,,,,,,,,
4.84,1,2,,,,,,,,,,
4.85,1,2,,,,,,,,,,
4.86,1,2,,,,,,,,,,
4.87,1,2,,,,,,,,,,
4.88,1,2,,,,,,,,,,
4.89,1,2,,,,,,,,,,
4.90,1,2,,,,,,,,,,
4.91,1,2,,,,,,,,,,
4.92,1,2,,,,,,,,,,
4.93,1,2,,,,,,,,,,
4.94,1,2,,,,,,,,,,
4.95,1,2,,,,,,,,,,
4.96,1,2,,,,,,,,,,
4.97,1,2,,,,,,,,,,
4.98,1,2,,,,,,,,,,
4.99,1,2,,,,,,,,,,
5.00,1,2,,,,,,,,,,
5.01,1,2,,,,,,,,,,
5.02,1,2,,,,,,,,,,
5.03,1,2,,,,,,,,,,
5.04,1,2,,,,,,,,,,
5.05,1,2,,,,,,,,,,
5.06,1,2,,,,,,,,,,
5.07,1,2,,,,,,,,,,
5.08,1,2,,,,,,,,,,
5.09,1,2,,,,,,,,,,
5.10,1,2,,,,,,,,,,
5.11,1,2,,,,,,,,,,
5.12,1,2,,,,,,,,,,
5.13,1,2,,,,,,,,,,
5.14,1,2,,,,,,,,,,
5.15,1,2,,,,,,,,,,
5.16,1,2,,,,,,,,,,
5.17,1,2,,,,,,,,,,
5.18,1,2,,,,,,,,,,
5.19,1,2,,,,,,,,,,
5.20,1,2,,,,,,,,,,
5.21,1,2,,,,,,,,,,
5.22,1,2,,,,,,,,,,
5.23,1,2,,,,,,,,,,
5.24,1,2,,,,,,,,,,
5.25,1,2,,,,,,,,,,
5.26,1,2,,,,,,,,,,
5.27,1,2,,,,,,,,,,
5.28,1,2,,,,,,,,,,
5.29,1,2,,,,,,,,,,
5.30,1,2,,,,,,,,,,
5.31,1,2,,,,,,,,,,
5.32,1,2,,,,,,,,,,
5.33,1,2,,,,,,,,,,
5.34,1,2,,,,,,,,,,
5.35,1,2,,,,,,,,,,
5.36,1,2,,,,,,,,,,
5.37,1,2,,,,,,,,,,
5.38,1,2,,,,,,,,,,
5.39,1,2,,,,,,,,,,
5.40,1,2,,,,,,,,,,
5.41,1,2,,,,,,,,,,
5.42,1,2,,,,,,,,,,
5.43,1,2,,,,,,,,,,
5.44,1,2,,,,,,,,,,
5.45,1,2,,,,,,,,,,
5.46,1,2,,,,,,,,,,
5.47,1,2,,,,,,,,,,
5.48,1,2,,,,,,,,,,
5.49,1,2,,,,,,,,,,
5.50,1,2,,,,,,,,,,
5.51,1,2,,,,,,,,,,
5.52,1,2,,,,,,,,,,
5.53,1,2,,,,,,,,,,
5.54,1,2,,,,,,,,,,
5.55,1,2,,,,,,,,,,
5.56,1,2,,,,,,,,,,
5.57,1,2,,,,,,,,,,
5.58,1,2,,,,,,,,,,
5.59,1,2,,,,,,,,,,
5.60,1,2,,,,,,,,,,
5.61,1,2,,,,,,,,,,
5.62,1,2,,,,,,,,,,
5.63,1,2,,,,,,,,,,
5.64,1,2,,,,,,,,,,
5.65,1,2,,,,,,,,,,
5.66,1,2,,,,,,,,,,
5.67,1,2,,,,,,,,,,
5.68,1,2,,,,,,,,,,
5.69,1,2,,,,,,,,,,
5.70,1,2,,,,,,,,,,
5.71,1,2,,,,,,,,,,
5.72,1,2,,,,,,,,,,
5.73,1,2,,,,,,,,,,
5.74,1,2,,,,,,,,,,
5.75,1,2,,,,,,,,,,
5.76,1,2,,,,,,,,,,
5.77,1,2,,,,,,,,,,
5.78,1,2,,,,,,,,,,
5.79,1,2,,,,,,,,,,
5.80,1,2,,,,,,,,,,
5.81,1,2,,,,,,,,,,
5.82,1,2,,,,,,,,,,
5.83,1,2,,,,,,,,,,
5.84,1,2,,,,,,,,,,
5.85,1,2,,,,,,,,,,
5.86,1,2,,,,,,,,,,
5.87,1,2,,,,,,,,,,
5.88,1,2,,,,,,,,,,
5.89,1,2,,,,,,,,,,
5.90,1,2,,,,,,,,,,
5.91,1,2,,,,,,,,,,
5.92,1,2,,,,,,,,,,
5.93,1,2,,,,,,,,,,
5.94,1,2,,,,,,,,,,
5.95,1,2,,,,,,,,,,
5.96,1,2,,,,,,,,,,
5.97,1,2,,,,,,,,,,
5.98,1,2,,,,,,,,,,
5.99,1,2,,,,,,,,,,
6.00,1,2,,,,,,,,,,
6.01,1,2,,,,,,,,,,
6.02,1,2,,,,,,,,,,
6.03,1,2,,,,,,,,,,
6.04,1,2,,,,,,,,,,
6.05,1,2,,,,,,,,,,
6.06,1,2,,,,,,,,,,
6.07,1,2,,,,,,,,,,
6.08,1,2,,,,,,,,,,
6.09,1,2,,,,,,,,,,
6.10,1,2,,,,,,,,,,
6.11,1,2,,,,,,,,,,
6.12,1,2,,,,,,,,,,
6.13,1,2,,,,,,,,,,
6.14,1,2,,,,,,,,,,
6.15,1,2,,,,,,,,,,
6.16,1,2,,,,,,,,,,
6.17,1,2,,,,,,,,,,
6.18,1,2,,,,,,,,,,
6.19,1,2,,,,,,,,,,
6.20,1,2,,,,,,,,,,
6.21,1,2,,,,,,,,,,
6.22,1,2,,,,,,,,,,
6.23,1,2,,,,,,,,,,
6.24,1,2,,,,,,,,,,
6.25,1,2,,,,,,,,,,
6.26,1,2,,,,,,,,,,
6.27,1,2,,,,,,,,,,
6.28,1,2,,,,,,,,,,
6.29,1,2,,,,,,,,,,
6.30,1,2,,,,,,,,,,
6.31,1,2,,,,,,,,,,
6.32,1,2,,,,,,,,,,
6.33,1,2,,,,,,,,,,
6.34,1,2,,,,,,,,,,
6.35,1,2,,,,,,,,,,
6.36,1,2,,,,,,,,,,
6.37,1,2,,,,,,,,,,
6.38,1,2,,,,,,,,,,
6.39,1,2,,,,,,,,,,
6.40,1,2,,,,,,,,,,
6.41,1,2,,,,,,,,,,
6.42,1,2,,,,,,,,,,
6.43,1,2,,,,,,,,,,
6.44,1,2,,,,,,,,,,
6.45,1,2,,,,,,,,,,
6.46,1,2,,,,,,,,,,
6.47,1,2,,,,,,,,,,
6.48,1,2,,,,,,,,,,
6.49,1,2,,,,,,,,,,
6.50,1,2,,,,,,,,,,
6.51,1,2,,,,,,,,,,
6.52,1,2,,,,,,,,,,
6.53,1,2,,,,,,,,,,
6.54,1,2,,,,,,,,,,
6.55,1,2,,,,,,,,,,
6.56,1,2,,,,,,,,,,
6.57,1,2,,,,,,,,,,
6.58,1,2,,,,,,,,,,
6.59,1,2,,,,,,,,,,
6.60,1,2,,,,,,,,,,
6.61,1,2,,,,,,,,,,
6.62,1,2,,,,,,,,,,
6.63,1,2,,,,,,,,,,
6.64,1,2,,,,,,,,,,
6.65,1,2,,,,,,,,,,
6.66,1,2,,,,,,,,,,
6.67,1,2,,,,,,,,,,
6.68,1,2,,,,,,,,,,
6.69,1,2,,,,,,,,,,
6.70,1,2,,,,,,,,,,
6.71,1,2,,,,,,,,,,
6.72,1,2,,,,,,,,,,
6.73,1,2,,,,,,,,,,
6.74,1,2,,,,,,,,,,
6.75,1,2,,,,,,,,,,
6.76,1,2,,,,,,,,,,
6.77,1,2,,,,,,,,,,
6.78,1,2,,,,,,,,,,
6.79,1,2,,,,,,,,,,
6.80,1,2,,,,,,,,,,
6.81,1,2,,,,,,,,,,
6.82,1,2,,,,,,,,,,
6.83,1,2,,,,,,,,,,
6.84,1,2,,,,,,,,,,
6.85,1,2,,,,,,,,,,
6.86,1,2,,,,,,,,,,
6.87,1,2,,,,,,,,,,
6.88,1,2,,,,,,,,,,
6.89,1,2,,,,,,,,,,
6.90,1,2,,,,,,,,,,
6.91,1,2,,,,,,,,,,
6.92,1,2,,,,,,,,,,
6.93,1,2,,,,,,,,,,
6.94,1,2,,,,,,,,,,
6.95,1,2,,,,,,,,,,
6.96,1,2,,,,,,,,,,
6.97,1,2,,,,,,,,,,
6.98,1,2,,,,,,,,,,
6.99,1,2,,,,,,,,,,
7.00,1,2,,,,,,,,,,
7.01,1,2,,,,,,,,,,
7.02,1,2,,,,,,,,,,
7.03,1,2,,,,,,,,,,
7.04,1,2,,,,,,,,,,
7.05,1,2,,,,,,,,,,
7.06,1,2,,,,,,,,,,
7.07,1,2,,,,,,,,,,
7.08,1,2,,,,,,,,,,
7.09,1,2,,,,,,,,,,
7.10,1,2,,,,,,,,,,
7.11,1,2,,,,,,,,,,
7.12,1,2,,,,,,,,,,
7.13,1,2,,,,,,,,,,
7.14,1,2,,,,,,,,,,
7.15,1,2,,,,,,,,,,
7.16,1,2,,,,,,,,,,
7.17,1,2,,,,,,,,,,
7.18,1,2,,,,,,,,,,
7.19,1,2,,,,,,,,,,
7.20,1,2,,,,,,,,,,
7.21,1,2,,,,,,,,,,
7.22,1,2,,,,,,,,,,
7.23,1,2,,,,,,,,,,
7.24,1,2,,,,,,,,,,
7.25,1,2,,,,,,,,,,
7.26,1,2,,,,,,,,,,
7.27,1,2,,,,,,,,,,
7.28,1,2,,,,,,,,,,
7.29,1,2,,,,,,,,,,
7.30,1,2,,,,,,,,,,
7.31,1,2,,,,,,,,,,
7.32,1,2,,,,,,,,,,
7.33,1,2,,,,,,,,,,
7.34,1,2,,,,,,,,,,
7.35,1,2,,,,,,,,,,
7.36,1,2,,,,,,,,,,
7.37,1,2,,,,,,,,,,
7.38,1,2,,,,,,,,,,
7.39,1,2,,,,,,,,,,
7.40,1,2,,,,,,,,,,
7.41,1,2,,,,,,,,,,
7.42,1,2,,,,,,,,,,
7.43,1,2,,,,,,,,,,
7.44,1,2,,,,,,,,,,
7.45,1,2,,,,,,,,,,
7.46,1,2,,,,,,,,,,
7.47,1,2,,,,,,,,,,
7.48,1,2,,,,,,,,,,
7.49,1,2,,,,,,,,,,
7.50,1,2,,,,,,,,,,
7.51,1,2,,,,,,,,,,
7.52,1,2,,,,,,,,,,
7.53,1,2,,,,,,,,,,
7.54,1,2,,,,,,,,,,
7.55,1,2,,,,,,,,,,
7.56,1,2,,,,,,,,,,
7.57,1,2,,,,,,,,,,
7.58,1,2,,,,,,,,,,
7.59,1,2,,,,,,,,,,
7.60,1,2,,,,,,,,,,
7.61,1,2,,,,,,,,,,
7.62,1,2,,,,,,,,,,
7.63,1,2,,,,,,,,,,
7.64,1,2,,,,,,,,,,
7.65,1,2,,,,,,,,,,
7.66,1,2,,,,,,,,,,
7.67,1,2,,,,,,,,,,
7.68,1,2,,,,,,,,,,
7.69,1,2,,,,,,,,,,
7.70,1,2,,,,,,,,,,
7.71,1,2,,,,,,,,,,
7.72,1,2,,,,,,,,,,
7.73,1,2,,,,,,,,,,
7.74,1,2,,,,,,,,,,
7.75,1,2,,,,,,,,,,
7.76,1,2,,,,,,,,,,
7.77,1,2,,,,,,,,,,
7.78,1,2,,,,,,,,,,
7.79,1,2,,,,,,,,,,
7.80,1,2,,,,,,,,,,
7.81,1,2,,,,,,,,,,
7.82,1,2,,,,,,,,,,
7.83,1,2,,,,,,,,,,
7.84,1,2,,,,,,,,,,
7.85,1,2,,,,,,,,,,
7.86,1,2,,,,,,,,,,
7.87,1,2,,,,,,,,,,
7.88,1,2,,,,,,,,,,
7.89,1,2,,,,,,,,,,
7.90,1,2,,,,,,,,,,
7.91,1,2,,,,,,,,,,
7.92,1,2,,,,,,,,,,
7.93,1,2,,,,,,,,,,
7.94,1,2,,,,,,,,,,
7.95,1,2,,,,,,,,,,
7.96,1,2,,,,,,,,,,
7.97,1,2,,,,,,,,,,
7.98,1,2,,,,,,,,,,
7.99,1,2,,,,,,,,,,
8.00,1,2,,,,,,,,,,
8.01,1,2,,,,,,,,,,
8.02,1,2,,,,,,,,,,
8.03,1,2,,,,,,,,,,
8.04,1,2,,,,,,,,,,
8.05,1,2,,,,,,,,,,
8.06,1,2,,,,,,,,,,
8.07,1,2,,,,,,,,,,
8.08,1,2,,,,,,,,,,
8.09,1,2,,,,,,,,,,
8.10,1,2,,,,,,,,,,
8.11,1,2,,,,,,,,,,
8.12,1,2,,,,,,,,,,
8.13,1,2,,,,,,,,,,
8.14,1,2,,,,,,,,,,
8.15,1,2,,,,,,,,,,
8.16,1,2,,,,,,,,,,
8.17,1,2,,,,,,,,,,
8.18,1,2,,,,,,,,,,
8.19,1,2,,,,,,,,,,
8.20,1,2,,,,,,,,,,
8.21,1,2,,,,,,,,,,
8.22,1,2,,,,,,,,,,
8.23,1,2,,,,,,,,,,
8.24,1,2,,,,,,,,,,
8.25,1,2,,,,,,,,,,
8.26,1,2,,,,,,,,,,
8.27,1,2,,,,,,,,,,
8.28,1,2,,,,,,,,,,
8.29,1,2,,,,,,,,,,
8.30,1,2,,,,,,,,,,
8.31,1,2,,,,,,,,,,
8.32,1,2,,,,,,,,,,
8.33,1,2,,,,,,,,,,
8.34,1,2,,,,,,,,,,
8.35,1,2,,,,,,,,,,
8.36,1,2,,,,,,,,,,
8.37,1,2,,,,,,,,,,
8.38,1,2,,,,,,,,,,
8.39,1,2,,,,,,,,,,
8.40,1,2,,,,,,,,,,
8.41,1,2,,,,,,,,,,
8.42,1,2,,,,,,,,,,
8.43,1,2,,,,,,,,,,
8.44,1,2,,,,,,,,,,
8.45,1,2,,,,,,,,,,
8.46,1,2,,,,,,,,,,
8.47,1,2,,,,,,,,,,
8.48,1,2,,,,,,,,,,
8.49,1,2,,,,,,,,,,
8.50,1,2,,,,,,,,,,
8.51,1,2,,,,,,,,,,
8.52,1,2,,,,,,,,,,
8.53,1,2,,,,,,,,,,
8.54,1,2,,,,,,,,,,
8.55,1,2,,,,,,,,,,
8.56,1,2,,,,,,,,,,
8.57,1,2,,,,,,,,,,
8.58,1,2,,,,,,,,,,
8.59,1,2,,,,,,,,,,
8.60,1,2,,,,,,,,,,
8.61,1,2,,,,,,,,,,
8.62,1,2,,,,,,,,,,
8.63,1,2,,,,,,,,,,
8.64,1,2,,,,,,,,,,
8.65,1,2,,,,,,,,,,
8.66,1,2,,,,,,,,,,
8.67,1,2,,,,,,,,,,
8.68,1,2,,,,,,,,,,
8.69,1,2,,,,,,,,,,
8.70,1,2,,,,,,,,,,
8.71,1,2,,,,,,,,,,
8.72,1,2,,,,,,,,,,
8.73,1,2,,,,,,,,,,
8.74,1,2,,,,,,,,,,
8.75,1,2,,,,,,,,,,
8.76,1,2,,,,,,,,,,
8.77,1,2,,,,,,,,,,
8.78,1,2,,,,,,,,,,
8.79,1,2,,,,,,,,,,
8.80,1,2,,,,,,,,,,
8.81,1,2,,,,,,,,,,
8.82,1,2,,,,,,,,,,
8.83,1,2,,,,,,,,,,
8.84,1,2,,,,,,,,,,
8.85,1,2,,,,,,,,,,
8.86,1,2,,,,,,,,,,
8.87,1,2,,,,,,,,,,
8.88,1,2,,,,,,,,,,
8.89,1,2,,,,,,,,,,
8.90,1,2,,,,,,,,,,
8.91,1,2,,,,,,,,,,
8.92,1,2,,,,,,,,,,
8.93,1,2,,,,,,,,,,
8.94,1,2,,,,,,,,,,
8.95,1,2,,,,,,,,,,
8.96,1,2,,,,,,,,,,
8.97,1,2,,,,,,,,,,
8.98,1,2,,,,,,,,,,
8.99,1,2,,,,,,,,,,
9.00,1,2,,,,,,,,,,
9.01,1,2,,,,,,,,,,
9.02,1,2,,,,,,,,,,
9.03,1,2,,,,,,,,,,
9.04,1,2,,,,,,,,,,
9.05,1,2,,,,,,,,,,
9.06,1,2,,,,,,,,,,
9.07,1,2,,,,,,,,,,
9.08,1,2,,,,,,,,,,
9.09,1,2,,,,,,,,,,
9.10,1,2,,,,,,,,,,
9.11,1,2,,,,,,,,,,
9.12,1,2,,,,,,,,,,
9.13,1,2,,,,,,,,,,
9.14,1,2,,,,,,,,,,
9.15,1,2,,,,,,,,,,
9.16,1,2,,,,,,,,,,
9.17,1,2,,,,,,,,,,
9.18,1,2,,,,,,,,,,
9.19,1,2,,,,,,,,,,
9.20,1,2,,,,,,,,,,
9.21,1,2,,,,,,,,,,
9.22,1,2,,,,,,,,,,
9.23,1,2,,,,,,,,,,
9.24,1,2,,,,,,,,,,
9.25,1,2,,,,,,,,,,
9.26,1,2,,,,,,,,,,
9.27,1,2,,,,,,,,,,
9.28,1,2,,,,,,,,,,
9.29,1,2,,,,,,,,,,
9.30,1,2,,,,,,,,,,
9.31,1,2,,,,,,,,,,
9.32,1,2,,,,,,,,,,
9.33,1,2,,,,,,,,,,
9.34,1,2,,,,,,,,,,
9.35,1,2,,,,,,,,,,
9.36,1,2,,,,,,,,,,
9.37,1,2,,,,,,,,,,
9.38,1,2,,,,,,,,,,
9.39,1,2,,,,,,,,,,
9.40,1,2,,,,,,,,,,
9.41,1,2,,,,,,,,,,
9.42,1,2,,,,,,,,,,
9.43,1,2,,,,,,,,,,
9.44,1,2,,,,,,,,,,
9.45,1,2,,,,,,,,,,
9.46,1,2,,,,,,,,,,
9.47,1,2,,,,,,,,,,
9.48,1,2,,,,,,,,,,
9.49,1,2,,,,,,,,,,
9.50,1,2,,,,,,,,,,
9.51,1,2,,,,,,,,,,
9.52,1,2,,,,,,,,,,
9.53,1,2,,,,,,,,,,
9.54,1,2,,,,,,,,,,
9.55,1,2,,,,,,,,,,
9.56,1,2,,,,,,,,,,
9.57,1,2,,,,,,,,,,
9.58,1,2,,,,,,,,,,
9.59,1,2,,,,,,,,,,
9.60,1,2,,,,,,,,,,
9.61,1,2,,,,,,,,,,
9.62,1,2,,,,,,,,,,
9.63,1,2,,,,,,,,,,
9.64,1,2,,,,,,,,,,
9.65,1,2,,,,,,,,,,
9.66,1,2,,,,,,,,,,
9.67,1,2,,,,,,,,,,
9.68,1,2,,,,,,,,,,
9.69,1,2,,,,,,,,,,
9.70,1,2,,,,,,,,,,
9.71,1,2,,,,,,,,,,
9.72,1,2,,,,,,,,,,
9.73,1,2,,,,,,,,,,
9.74,1,2,,,,,,,,,,
9.75,1,2,,,,,,,,,,
9.76,1,2,,,,,,,,,,
9.77,1,2,,,,,,,,,,
9.78,1,2,,,,,,,,,,
9.79,1,2,,,,,,,,,,
9.80,1,2,,,,,,,,,,
9.81,1,2,,,,,,,,,,
9.82,1,2,,,,,,,,,,
9.83,1,2,,,,,,,,,,
9.84,1,2,,,,,,,,,,
9.85,1,2,,,,,,,,,,
9.86,1,2,,,,,,,,,,
9.87,1,2,,,,,,,,,,
9.88,1,2,,,,,,,,,,
9.89,1,2,,,,,,,,,,
9.90,1,2,,,,,,,,,,
9.91,1,2,,,,,,,,,,
9.92,1,2,,,,,,,,,,
9.93,1,2,,,,,,,,,,
9.94,1,2,,,,,,,,,,
9.95,1,2,,,,,,,,,,
9.96,1,2,,,,,,,,,,
9.97,1,2,,,,,,,,,,
9.98,1,2,,,,,,,,,,
9.99,1,2,,,,,,,,,,
10.00,1,2,,,,,,,,,,
0.00,0,3,,,,,,,,,,
0.01,0,3,,,,,,,,,,
0.02,0,3,,,,,,,,,,
0.03,0,3,,,,,,,,,,
0.04,0,3,,,,,,,,,,
0.05,0,3,,,,,,,,,,
0.06,0,3,,,,,,,,,,
0.07,0,3,,,,,,,,,,
0.08,0,3,,,,,,,,,,
0.09,0,3,,,,,,,,,,
0.10,0,3,,,,,,,,,,
0.11,0,3,,,,,,,,,,
0.12,0,3,,,,,,,,,,
0.13,0,3,,,,,,,,,,
0.14,0,3,,,,,,,,,,
0.15,0,3,,,,,,,,,,
0.16,0,3,,,,,,,,,,
0.17,0,3,,,,,,,,,,
0.18,0,3,,,,,,,,,,
0.19,0,3,,,,,,,,,,
0.20,0,3,,,,,,,,,,
0.21,0,3,,,,,,,,,,
0.22,0,3,,,,,,,,,,
0.23,0,3,,,,,,,,,,
0.24,0,3,,,,,,,,,,
0.25,0,3,,,,,,,,,,
0.26,0,3,,,,,,,,,,
0.27,0,3,,,,,,,,,,
0.28,0,3,,,,,,,,,,
0.29,0,3,,,,,,,,,,
0.30,0,3,,,,,,,,,,
0.31,0,3,,,,,,,,,,
0.32,0,3,,,,,,,,,,
0.33,0,3,,,,,,,,,,
0.34,0,3,,,,,,,,,,
0.35,0,3,,,,,,,,,,
0.36,0,3,,,,,,,,,,
0.37,0,3,,,,,,,,,,
0.38,0,3,,,,,,,,,,
0.39,0,3,,,,,,,,,,
0.40,0,3,,,,,,,,,,
0.41,0,3,,,,,,,,,,
0.42,0,3,,,,,,,,,,
0.43,0,3,,,,,,,,,,
0.44,0,3,,,,,,,,,,
0.45,0,3,,,,,,,,,,
0.46,0,3,,,,,,,,,,
0.47,0,3,,,,,,,,,,
0.48,0,3,,,,,,,,,,
0.49,0,3,,,,,,,,,,
0.50,0,3,,,,,,,,,,
0.51,0,3,,,,,,,,,,
0.52,0,3,,,,,,,,,,
0.53,0,3,,,,,,,,,,
0.54,0,3,,,,,,,,,,
0.55,0,3,,,,,,,,,,
0.56,0,3,,,,,,,,,,
0.57,0,3,,,,,,,,,,
0.58,0,3,,,,,,,,,,
0.59,0,3,,,,,,,,,,
0.60,0,3,,,,,,,,,,
0.61,0,3,,,,,,,,,,
0.62,0,3,,,,,,,,,,
0.63,0,3,,,,,,,,,,
0.64,0,3,,,,,,,,,,
0.65,0,3,,,,,,,,,,
0.66,0,3,,,,,,,,,,
0.67,0,3,,,,,,,,,,
0.68,0,3,,,,,,,,,,
0.69,0,3,,,,,,,,,,
0.70,0,3,,,,,,,,,,
0.71,0.00016292604487221,3,,,,,,,,,,
0.72,0.000351976213633689,3,,,,,,,,,,
0.73,0.000555365096817904,3,,,,,,,,,,
0.74,0.000773288976003321,3,,,,,,,,,,
0.75,0.00100594413276842,3,,,,,,,,,,
0.76,0.00125352684869166,3,,,,,,,,,,
0.77,0.00151623340535153,3,,,,,,,,,,
0.78,0.00179426008432649,3,,,,,,,,,,
0.79,0.00208780316719501,3,,,,,,,,,,
0.80,0.00239705893553557,3,,,,,,,,,,
0.81,0.00272222367092664,3,,,,,,,,,,
0.82,0.00306349365494669,3,,,,,,,,,,
0.83,0.00342106516917419,3,,,,,,,,,,
0.84,0.00379513449518761,3,,,,,,,,,,
0.85,0.00418589791456544,3,,,,,,,,,,
0.86,0.00459355170888613,3,,,,,,,,,,
0.87,0.00501829215972816,3,,,,,,,,,,
0.88,0.00546031554867,3,,,,,,,,,,
0.89,0.00591981815729013,3,,,,,,,,,,
0.90,0.00639699626716702,3,,,,,,,,,,
0.91,0.00689204615987913,3,,,,,,,,,,
0.92,0.00740516411700494,3,,,,,,,,,,
0.93,0.00793654642012292,3,,,,,,,,,,
0.94,0.00848638935081155,3,,,,,,,,,,
0.95,0.0090548891906493,3,,,,,,,,,,
0.96,0.00964227178176358,3,,,,,,,,,,
0.97,0.0102496204051243,3,,,,,,,,,,
0.98,0.0108789878215853,3,,,,,,,,,,
0.99,0.0115324788667567,3,,,,,,,,,,
1.00,0.0122121983762482,3,,,,,,,,,,
1.01,0.0129202511856698,3,,,,,,,,,,
1.02,0.0140400596650677,3,,,,,,,,,,
1.03,0.0148281543801078,3,,,,,,,,,,
1.04,0.0156519493197126,3,,,,,,,,,,
1.05,0.0165135493194921,3,,,,,,,,,,
1.06,0.0174150592150561,3,,,,,,,,,,
1.07,0.0183585838420146,3,,,,,,,,,,
1.08,0.0193462280359774,3,,,,,,,,,,
1.09,0.0203800966325544,3,,,,,,,,,,
1.10,0.0214622944673556,3,,,,,,,,,,
1.11,0.0225949263759908,3,,,,,,,,,,
1.12,0.02378009719407,3,,,,,,,,,,
1.13,0.0250199117572031,3,,,,,,,,,,
1.14,0.0263164749009999,3,,,,,,,,,,
1.15,0.0276718914610704,3,,,,,,,,,,
1.16,0.0290882662730244,3,,,,,,,,,,
1.17,0.0305677041724719,3,,,,,,,,,,
1.18,0.0321123099950228,3,,,,,,,,,,
1.19,0.0337241885762869,3,,,,,,,,,,
1.20,0.0354054447518742,3,,,,,,,,,,
1.21,0.0371581833573946,3,,,,,,,,,,
1.22,0.0389845092284579,3,,,,,,,,,,
1.23,0.0408865272006742,3,,,,,,,,,,
1.24,0.0428663421096532,3,,,,,,,,,,
1.25,0.0449260587910049,3,,,,,,,,,,
1.26,0.0470677820803392,3,,,,,,,,,,
1.27,0.0492930493950421,3,,,,,,,,,,
1.28,0.0516006587281638,3,,,,,,,,,,
1.29,0.0539885824432637,3,,,,,,,,,,
1.30,0.056454792735238,3,,,,,,,,,,
1.31,0.0589972617989828,3,,,,,,,,,,
1.32,0.0616139618293945,3,,,,,,,,,,
1.33,0.0643028650213693,3,,,,,,,,,,
1.34,0.0670619435698033,3,,,,,,,,,,
1.35,0.0698891696695929,3,,,,,,,,,,
1.36,0.0727825155156341,3,,,,,,,,,,
1.37,0.0757399533028234,3,,,,,,,,,,
1.38,0.0787594552260569,3,,,,,,,,,,
1.39,0.0818389934802307,3,,,,,,,,,,
1.40,0.0849765402602412,3,,,,,,,,,,
1.41,0.0881700677609847,3,,,,,,,,,,
1.42,0.0914175481773571,3,,,,,,,,,,
1.43,0.094716953704255,3,,,,,,,,,,
1.44,0.0980662565365745,3,,,,,,,,,,
1.45,0.101463428869212,3,,,,,,,,,,
1.46,0.104906442897063,3,,,,,,,,,,
1.47,0.108393270815024,3,,,,,,,,,,
1.48,0.111921884817992,3,,,,,,,,,,
1.49,0.115490257100863,3,,,,,,,,,,
1.50,0.119096359858533,3,,,,,,,,,,
1.51,0.122738165285897,3,,,,,,,,,,
1.52,0.126413645577854,3,,,,,,,,,,
1.53,0.130120772929297,3,,,,,,,,,,
1.54,0.133857519535125,3,,,,,,,,,,
1.55,0.137621857590233,3,,,,,,,,,,
1.56,0.141411759289517,3,,,,,,,,,,
1.57,0.145225196827873,3,,,,,,,,,,
1.58,0.149060142400199,3,,,,,,,,,,
1.59,0.152914595007679,3,,,,,,,,,,
1.60,0.156786689495401,3,,,,,,,,,,
1.61,0.160674603636873,3,,,,,,,,,,
1.62,0.164576515222227,3,,,,,,,,,,
1.63,0.168490602041596,3,,,,,,,,,,
1.64,0.172415041885114,3,,,,,,,,,,
1.65,0.176348012542913,3,,,,,,,,,,
1.66,0.180287691805126,3,,,,,,,,,,
1.67,0.184232257461886,3,,,,,,,,,,
1.68,0.188179887303326,3,,,,,,,,,,
1.69,0.192128759119579,3,,,,,,,,,,
1.70,0.196077050700779,3,,,,,,,,,,
1.71,0.200022939837057,3,,,,,,,,,,
1.72,0.203964604318546,3,,,,,,,,,,
1.73,0.207900221935381,3,,,,,,,,,,
1.74,0.211827970477694,3,,,,,,,,,,
1.75,0.215746027735617,3,,,,,,,,,,
1.76,0.219652571499283,3,,,,,,,,,,
1.77,0.223545779558827,3,,,,,,,,,,
1.78,0.22742382970438,3,,,,,,,,,,
1.79,0.231284899726075,3,,,,,,,,,,
1.80,0.235127167414046,3,,,,,,,,,,
1.81,0.238948810558425,3,,,,,,,,,,
1.82,0.242748006949346,3,,,,,,,,,,
1.83,0.24652293437694,3,,,,,,,,,,
1.84,0.250271770631342,3,,,,,,,,,,
1.85,0.253992693502685,3,,,,,,,,,,
1.86,0.2576838807811,3,,,,,,,,,,
1.87,0.261343510256721,3,,,,,,,,,,
1.88,0.264969759719682,3,,,,,,,,,,
1.89,0.268560806960114,3,,,,,,,,,,
1.90,0.272115742877719,3,,,,,,,,,,
1.91,0.27563850904766,3,,,,,,,,,,
1.92,0.279134651513693,3,,,,,,,,,,
1.93,0.282609717342776,3,,,,,,,,,,
1.94,0.286069253601865,3,,,,,,,,,,
1.95,0.289518807357918,3,,,,,,,,,,
1.96,0.292963925677892,3,,,,,,,,,,
1.97,0.296410155628744,3,,,,,,,,,,
1.98,0.299863044277432,3,,,,,,,,,,
1.99,0.303328138690912,3,,,,,,,,,,
2.00,0.306810985936142,3,,,,,,,,,,
2.01,0.310317133080079,3,,,,,,,,,,
2.02,0.31385212718968,3,,,,,,,,,,
2.03,0.317421515331901,3,,,,,,,,,,
2.04,0.321030844573702,3,,,,,,,,,,
2.05,0.324685661982038,3,,,,,,,,,,
2.06,0.328391514623866,3,,,,,,,,,,
2.07,0.332153949566144,3,,,,,,,,,,
2.08,0.33597851387583,3,,,,,,,,,,
2.09,0.33987075461988,3,,,,,,,,,,
2.10,0.34383621886525,3,,,,,,,,,,
2.11,0.3478804536789,3,,,,,,,,,,
2.12,0.352009006127785,3,,,,,,,,,,
2.13,0.356227423278863,3,,,,,,,,,,
2.14,0.360541252199091,3,,,,,,,,,,
2.15,0.364956039955427,3,,,,,,,,,,
2.16,0.369477333614826,3,,,,,,,,,,
2.17,0.374110680244247,3,,,,,,,,,,
2.18,0.378861626910647,3,,,,,,,,,,
2.19,0.383735720680983,3,,,,,,,,,,
2.20,0.388738508622212,3,,,,,,,,,,
2.21,0.393873454163388,3,,,,,,,,,,
2.22,0.399132414816615,3,,,,,,,,,,
2.23,0.404503230983581,3,,,,,,,,,,
2.24,0.409973739178864,3,,,,,,,,,,
2.25,0.41553177591704,3,,,,,,,,,,
2.26,0.421165177712689,3,,,,,,,,,,
2.27,0.426861781080388,3,,,,,,,,,,
2.28,0.432609422534716,3,,,,,,,,,,
2.29,0.438395938590249,3,,,,,,,,,,
2.30,0.444209165761567,3,,,,,,,,,,
2.31,0.450036940563247,3,,,,,,,,,,
2.32,0.455867099509867,3,,,,,,,,,,
2.33,0.461687479116005,3,,,,,,,,,,
2.34,0.46748591589624,3,,,,,,,,,,
2.35,0.473250246365148,3,,,,,,,,,,
2.36,0.478968307037308,3,,,,,,,,,,
2.37,0.484630021614291,3,,,,,,,,,,
2.38,0.490237228547929,3,,,,,,,,,,
2.39,0.495795987539913,3,,,,,,,,,,
2.40,0.501312363235133,3,,,,,,,,,,
2.41,0.506792420278475,3,,,,,,,,,,
2.42,0.51224222331483,3,,,,,,,,,,
2.43,0.517667836989085,3,,,,,,,,,,
2.44,0.523075325946129,3,,,,,,,,,,
2.45,0.528470754830851,3,,,,,,,,,,
2.46,0.533860188288138,3,,,,,,,,,,
2.47,0.53924969096288,3,,,,,,,,,,
2.48,0.544645327499965,3,,,,,,,,,,
2.49,0.550053162544282,3,,,,,,,,,,
2.50,0.555479260740719,3,,,,,,,,,,
2.51,0.560929686734165,3,,,,,,,,,,
2.52,0.56640964377125,3,,,,,,,,,,
2.53,0.57191930289444,3,,,,,,,,,,
2.54,0.577457013044126,3,,,,,,,,,,
2.55,0.583021120640708,3,,,,,,,,,,
2.56,0.588609972104583,3,,,,,,,,,,
2.57,0.594221913856147,3,,,,,,,,,,
2.58,0.599855292315799,3,,,,,,,,,,
2.59,0.605508453903936,3,,,,,,,,,,
2.60,0.611179745040955,3,,,,,,,,,,
2.61,0.616867512147254,3,,,,,,,,,,
2.62,0.622570101643231,3,,,,,,,,,,
2.63,0.628285859949282,3,,,,,,,,,,
2.64,0.634013133485806,3,,,,,,,,,,
2.65,0.639750268673199,3,,,,,,,,,,
2.66,0.645495611931861,3,,,,,,,,,,
2.67,0.651247509682187,3,,,,,,,,,,
2.68,0.657004308344575,3,,,,,,,,,,
2.69,0.662764354339424,3,,,,,,,,,,
2.70,0.66852599408713,3,,,,,,,,,,
2.71,0.67428757400809,3,,,,,,,,,,
2.72,0.680047440522704,3,,,,,,,,,,
2.73,0.685803940051367,3,,,,,,,,,,
2.74,0.691555419014477,3,,,,,,,,,,
2.75,0.697300223832433,3,,,,,,,,,,
2.76,0.703036700925631,3,,,,,,,,,,
2.77,0.708763196714469,3,,,,,,,,,,
2.78,0.714478057619344,3,,,,,,,,,,
2.79,0.720179630060654,3,,,,,,,,,,
2.80,0.725866260458797,3,,,,,,,,,,
2.81,0.731536295234169,3,,,,,,,,,,
2.82,0.737188080807169,3,,,,,,,,,,
2.83,0.742819963598194,3,,,,,,,,,,
2.84,0.748430662079977,3,,,,,,,,,,
2.85,0.754021178569753,3,,,,,,,,,,
2.86,0.759593381463379,3,,,,,,,,,,
2.87,0.765149140807914,3,,,,,,,,,,
2.88,0.770690326650416,3,,,,,,,,,,
2.89,0.776218809037942,3,,,,,,,,,,
2.90,0.781736458017552,3,,,,,,,,,,
2.91,0.787245143636302,3,,,,,,,,,,
2.92,0.792746735941252,3,,,,,,,,,,
2.93,0.798243104979458,3,,,,,,,,,,
2.94,0.80373612079798,3,,,,,,,,,,
2.95,0.809227653443875,3,,,,,,,,,,
2.96,0.814719572964201,3,,,,,,,,,,
2.97,0.820213749406016,3,,,,,,,,,,
2.98,0.825712052816378,3,,,,,,,,,,
2.99,0.831216353242346,3,,,,,,,,,,
3.00,0.836728520730978,3,,,,,,,,,,
3.01,0.842250425329331,3,,,,,,,,,,
3.02,0.847783937084463,3,,,,,,,,,,
3.03,0.853330926043433,3,,,,,,,,,,
3.04,0.858893262253299,3,,,,,,,,,,
3.05,0.864472815761118,3,,,,,,,,,,
3.06,0.870071456613949,3,,,,,,,,,,
3.07,0.87569105485885,3,,,,,,,,,,
3.08,0.881333480542879,3,,,,,,,,,,
3.09,0.887000603713094,3,,,,,,,,,,
3.10,0.892694294416552,3,,,,,,,,,,
3.11,0.898416422700313,3,,,,,,,,,,
3.12,0.904168858611433,3,,,,,,,,,,
3.13,0.909953472196972,3,,,,,,,,,,
3.14,0.915772133503987,3,,,,,,,,,,
3.15,0.921627599276771,3,,,,,,,,,,
3.16,0.927528338826961,3,,,,,,,,,,
3.17,0.933485086308272,3,,,,,,,,,,
3.18,0.939508581557826,3,,,,,,,,,,
3.19,0.945609564412746,3,,,,,,,,,,
3.20,0.951798774710153,3,,,,,,,,,,
3.21,0.958086952287169,3,,,,,,,,,,
3.22,0.964484836980917,3,,,,,,,,,,
3.23,0.970967288184025,3,,,,,,,,,,
3.24,0.977275088222311,3,,,,,,,,,,
3.25,0.983055148983369,3,,,,,,,,,,
3.26,0.98795413071824,3,,,,,,,,,,
3.27,0.991680108845426,3,,,,,,,,,,
3.28,0.994344343126546,3,,,,,,,,,,
3.29,0.996220705121176,3,,,,,,,,,,
3.30,0.99758351662249,3,,,,,,,,,,
3.31,0.998681794806613,3,,,,,,,,,,
3.32,0.99959738707374,3,,,,,,,,,,
3.33,1,3,,,,,,,,,,
3.34,1,3,,,,,,,,,,
3.35,1,3,,,,,,,,,,
3.36,1,3,,,,,,,,,,
3.37,1,3,,,,,,,,,,
3.38,1,3,,,,,,,,,,
3.39,1,3,,,,,,,,,,
3.40,1,3,,,,,,,,,,
3.41,1,3,,,,,,,,,,
3.42,1,3,,,,,,,,,,
3.43,1,3,,,,,,,,,,
3.44,1,3,,,,,,,,,,
3.45,1,3,,,,,,,,,,
3.46,1,3,,,,,,,,,,
3.47,1,3,,,,,,,,,,
3.48,1,3,,,,,,,,,,
3.49,1,3,,,,,,,,,,
3.50,1,3,,,,,,,,,,
3.51,1,3,,,,,,,,,,
3.52,1,3,,,,,,,,,,
3.53,1,3,,,,,,,,,,
3.54,1,3,,,,,,,,,,
3.55,1,3,,,,,,,,,,
3.56,1,3,,,,,,,,,,
3.57,1,3,,,,,,,,,,
3.58,1,3,,,,,,,,,,
3.59,1,3,,,,,,,,,,
3.60,1,3,,,,,,,,,,
3.61,1,3,,,,,,,,,,
3.62,1,3,,,,,,,,,,
3.63,1,3,,,,,,,,,,
3.64,1,3,,,,,,,,,,
3.65,1,3,,,,,,,,,,
3.66,1,3,,,,,,,,,,
3.67,1,3,,,,,,,,,,
3.68,1,3,,,,,,,,,,
3.69,1,3,,,,,,,,,,
3.70,1,3,,,,,,,,,,
3.71,1,3,,,,,,,,,,
3.72,1,3,,,,,,,,,,
3.73,1,3,,,,,,,,,,
3.74,1,3,,,,,,,,,,
3.75,1,3,,,,,,,,,,
3.76,1,3,,,,,,,,,,
3.77,1,3,,,,,,,,,,
3.78,1,3,,,,,,,,,,
3.79,1,3,,,,,,,,,,
3.80,1,3,,,,,,,,,,
3.81,1,3,,,,,,,,,,
3.82,1,3,,,,,,,,,,
3.83,1,3,,,,,,,,,,
3.84,1,3,,,,,,,,,,
3.85,1,3,,,,,,,,,,
3.86,1,3,,,,,,,,,,
3.87,1,3,,,,,,,,,,
3.88,1,3,,,,,,,,,,
3.89,1,3,,,,,,,,,,
3.90,1,3,,,,,,,,,,
3.91,1,3,,,,,,,,,,
3.92,1,3,,,,,,,,,,
3.93,1,3,,,,,,,,,,
3.94,1,3,,,,,,,,,,
3.95,1,3,,,,,,,,,,
3.96,1,3,,,,,,,,,,
3.97,1,3,,,,,,,,,,
3.98,1,3,,,,,,,,,,
3.99,1,3,,,,,,,,,,
4.00,1,3,,,,,,,,,,
4.01,1,3,,,,,,,,,,
4.02,1,3,,,,,,,,,,
4.03,1,3,,,,,,,,,,
4.04,1,3,,,,,,,,,,
4.05,1,3,,,,,,,,,,
4.06,1,3,,,,,,,,,,
4.07,1,3,,,,,,,,,,
4.08,1,3,,,,,,,,,,
4.09,1,3,,,,,,,,,,
4.10,1,3,,,,,,,,,,
4.11,1,3,,,,,,,,,,
4.12,1,3,,,,,,,,,,
4.13,1,3,,,,,,,,,,
4.14,1,3,,,,,,,,,,
4.15,1,3,,,,,,,,,,
4.16,1,3,,,,,,,,,,
4.17,1,3,,,,,,,,,,
4.18,1,3,,,,,,,,,,
4.19,1,3,,,,,,,,,,
4.20,1,3,,,,,,,,,,
4.21,1,3,,,,,,,,,,
4.22,1,3,,,,,,,,,,
4.23,1,3,,,,,,,,,,
4.24,1,3,,,,,,,,,,
4.25,1,3,,,,,,,,,,
4.26,1,3,,,,,,,,,,
4.27,1,3,,,,,,,,,,
4.28,1,3,,,,,,,,,,
4.29,1,3,,,,,,,,,,
4.30,1,3,,,,,,,,,,
4.31,1,3,,,,,,,,,,
4.32,1,3,,,,,,,,,,
4.33,1,3,,,,,,,,,,
4.34,1,3,,,,,,,,,,
4.35,1,3,,,,,,,,,,
4.36,1,3,,,,,,,,,,
4.37,1,3,,,,,,,,,,
4.38,1,3,,,,,,,,,,
4.39,1,3,,,,,,,,,,
4.40,1,3,,,,,,,,,,
4.41,1,3,,,,,,,,,,
4.42,1,3,,,,,,,,,,
4.43,1,3,,,,,,,,,,
4.44,1,3,,,,,,,,,,
4.45,1,3,,,,,,,,,,
4.46,1,3,,,,,,,,,,
4.47,1,3,,,,,,,,,,
4.48,1,3,,,,,,,,,,
4.49,1,3,,,,,,,,,,
4.50,1,3,,,,,,,,,,
4.51,1,3,,,,,,,,,,
4.52,1,3,,,,,,,,,,
4.53,1,3,,,,,,,,,,
4.54,1,3,,,,,,,,,,
4.55,1,3,,,,,,,,,,
4.56,1,3,,,,,,,,,,
4.57,1,3,,,,,,,,,,
4.58,1,3,,,,,,,,,,
4.59,1,3,,,,,,,,,,
4.60,1,3,,,,,,,,,,
4.61,1,3,,,,,,,,,,
4.62,1,3,,,,,,,,,,
4.63,1,3,,,,,,,,,,
4.64,1,3,,,,,,,,,,
4.65,1,3,,,,,,,,,,
4.66,1,3,,,,,,,,,,
4.67,1,3,,,,,,,,,,
4.68,1,3,,,,,,,,,,
4.69,1,3,,,,,,,,,,
4.70,1,3,,,,,,,,,,
4.71,1,3,,,,,,,,,,
4.72,1,3,,,,,,,,,,
4.73,1,3,,,,,,,,,,
4.74,1,3,,,,,,,,,,
4.75,1,3,,,,,,,,,,
4.76,1,3,,,,,,,,,,
4.77,1,3,,,,,,,,,,
4.78,1,3,,,,,,,,,,
4.79,1,3,,,,,,,,,,
4.80,1,3,,,,,,,,,,
4.81,1,3,,,,,,,,,,
4.82,1,3,,,,,,,,,,
4.83,1,3,,,,,,,,,,
4.84,1,3,,,,,,,,,,
4.85,1,3,,,,,,,,,,
4.86,1,3,,,,,,,,,,
4.87,1,3,,,,,,,,,,
4.88,1,3,,,,,,,,,,
4.89,1,3,,,,,,,,,,
4.90,1,3,,,,,,,,,,
4.91,1,3,,,,,,,,,,
4.92,1,3,,,,,,,,,,
4.93,1,3,,,,,,,,,,
4.94,1,3,,,,,,,,,,
4.95,1,3,,,,,,,,,,
4.96,1,3,,,,,,,,,,
4.97,1,3,,,,,,,,,,
4.98,1,3,,,,,,,,,,
4.99,1,3,,,,,,,,,,
5.00,1,3,,,,,,,,,,
5.01,1,3,,,,,,,,,,
5.02,1,3,,,,,,,,,,
5.03,1,3,,,,,,,,,,
5.04,1,3,,,,,,,,,,
5.05,1,3,,,,,,,,,,
5.06,1,3,,,,,,,,,,
5.07,1,3,,,,,,,,,,
5.08,1,3,,,,,,,,,,
5.09,1,3,,,,,,,,,,
5.10,1,3,,,,,,,,,,
5.11,1,3,,,,,,,,,,
5.12,1,3,,,,,,,,,,
5.13,1,3,,,,,,,,,,
5.14,1,3,,,,,,,,,,
5.15,1,3,,,,,,,,,,
5.16,1,3,,,,,,,,,,
5.17,1,3,,,,,,,,,,
5.18,1,3,,,,,,,,,,
5.19,1,3,,,,,,,,,,
5.20,1,3,,,,,,,,,,
5.21,1,3,,,,,,,,,,
5.22,1,3,,,,,,,,,,
5.23,1,3,,,,,,,,,,
5.24,1,3,,,,,,,,,,
5.25,1,3,,,,,,,,,,
5.26,1,3,,,,,,,,,,
5.27,1,3,,,,,,,,,,
5.28,1,3,,,,,,,,,,
5.29,1,3,,,,,,,,,,
5.30,1,3,,,,,,,,,,
5.31,1,3,,,,,,,,,,
5.32,1,3,,,,,,,,,,
5.33,1,3,,,,,,,,,,
5.34,1,3,,,,,,,,,,
5.35,1,3,,,,,,,,,,
5.36,1,3,,,,,,,,,,
5.37,1,3,,,,,,,,,,
5.38,1,3,,,,,,,,,,
5.39,1,3,,,,,,,,,,
5.40,1,3,,,,,,,,,,
5.41,1,3,,,,,,,,,,
5.42,1,3,,,,,,,,,,
5.43,1,3,,,,,,,,,,
5.44,1,3,,,,,,,,,,
5.45,1,3,,,,,,,,,,
5.46,1,3,,,,,,,,,,
5.47,1,3,,,,,,,,,,
5.48,1,3,,,,,,,,,,
5.49,1,3,,,,,,,,,,
5.50,1,3,,,,,,,,,,
5.51,1,3,,,,,,,,,,
5.52,1,3,,,,,,,,,,
5.53,1,3,,,,,,,,,,
5.54,1,3,,,,,,,,,,
5.55,1,3,,,,,,,,,,
5.56,1,3,,,,,,,,,,
5.57,1,3,,,,,,,,,,
5.58,1,3,,,,,,,,,,
5.59,1,3,,,,,,,,,,
5.60,1,3,,,,,,,,,,
5.61,1,3,,,,,,,,,,
5.62,1,3,,,,,,,,,,
5.63,1,3,,,,,,,,,,
5.64,1,3,,,,,,,,,,
5.65,1,3,,,,,,,,,,
5.66,1,3,,,,,,,,,,
5.67,1,3,,,,,,,,,,
5.68,1,3,,,,,,,,,,
5.69,1,3,,,,,,,,,,
5.70,1,3,,,,,,,,,,
5.71,1,3,,,,,,,,,,
5.72,1,3,,,,,,,,,,
5.73,1,3,,,,,,,,,,
5.74,1,3,,,,,,,,,,
5.75,1,3,,,,,,,,,,
5.76,1,3,,,,,,,,,,
5.77,1,3,,,,,,,,,,
5.78,1,3,,,,,,,,,,
5.79,1,3,,,,,,,,,,
5.80,1,3,,,,,,,,,,
5.81,1,3,,,,,,,,,,
5.82,1,3,,,,,,,,,,
5.83,1,3,,,,,,,,,,
5.84,1,3,,,,,,,,,,
5.85,1,3,,,,,,,,,,
5.86,1,3,,,,,,,,,,
5.87,1,3,,,,,,,,,,
5.88,1,3,,,,,,,,,,
5.89,1,3,,,,,,,,,,
5.90,1,3,,,,,,,,,,
5.91,1,3,,,,,,,,,,
5.92,1,3,,,,,,,,,,
5.93,1,3,,,,,,,,,,
5.94,1,3,,,,,,,,,,
5.95,1,3,,,,,,,,,,
5.96,1,3,,,,,,,,,,
5.97,1,3,,,,,,,,,,
5.98,1,3,,,,,,,,,,
5.99,1,3,,,,,,,,,,
6.00,1,3,,,,,,,,,,
6.01,1,3,,,,,,,,,,
6.02,1,3,,,,,,,,,,
6.03,1,3,,,,,,,,,,
6.04,1,3,,,,,,,,,,
6.05,1,3,,,,,,,,,,
6.06,1,3,,,,,,,,,,
6.07,1,3,,,,,,,,,,
6.08,1,3,,,,,,,,,,
6.09,1,3,,,,,,,,,,
6.10,1,3,,,,,,,,,,
6.11,1,3,,,,,,,,,,
6.12,1,3,,,,,,,,,,
6.13,1,3,,,,,,,,,,
6.14,1,3,,,,,,,,,,
6.15,1,3,,,,,,,,,,
6.16,1,3,,,,,,,,,,
6.17,1,3,,,,,,,,,,
6.18,1,3,,,,,,,,,,
6.19,1,3,,,,,,,,,,
6.20,1,3,,,,,,,,,,
6.21,1,3,,,,,,,,,,
6.22,1,3,,,,,,,,,,
6.23,1,3,,,,,,,,,,
6.24,1,3,,,,,,,,,,
6.25,1,3,,,,,,,,,,
6.26,1,3,,,,,,,,,,
6.27,1,3,,,,,,,,,,
6.28,1,3,,,,,,,,,,
6.29,1,3,,,,,,,,,,
6.30,1,3,,,,,,,,,,
6.31,1,3,,,,,,,,,,
6.32,1,3,,,,,,,,,,
6.33,1,3,,,,,,,,,,
6.34,1,3,,,,,,,,,,
6.35,1,3,,,,,,,,,,
6.36,1,3,,,,,,,,,,
6.37,1,3,,,,,,,,,,
6.38,1,3,,,,,,,,,,
6.39,1,3,,,,,,,,,,
6.40,1,3,,,,,,,,,,
6.41,1,3,,,,,,,,,,
6.42,1,3,,,,,,,,,,
6.43,1,3,,,,,,,,,,
6.44,1,3,,,,,,,,,,
6.45,1,3,,,,,,,,,,
6.46,1,3,,,,,,,,,,
6.47,1,3,,,,,,,,,,
6.48,1,3,,,,,,,,,,
6.49,1,3,,,,,,,,,,
6.50,1,3,,,,,,,,,,
6.51,1,3,,,,,,,,,,
6.52,1,3,,,,,,,,,,
6.53,1,3,,,,,,,,,,
6.54,1,3,,,,,,,,,,
6.55,1,3,,,,,,,,,,
6.56,1,3,,,,,,,,,,
6.57,1,3,,,,,,,,,,
6.58,1,3,,,,,,,,,,
6.59,1,3,,,,,,,,,,
6.60,1,3,,,,,,,,,,
6.61,1,3,,,,,,,,,,
6.62,1,3,,,,,,,,,,
6.63,1,3,,,,,,,,,,
6.64,1,3,,,,,,,,,,
6.65,1,3,,,,,,,,,,
6.66,1,3,,,,,,,,,,
6.67,1,3,,,,,,,,,,
6.68,1,3,,,,,,,,,,
6.69,1,3,,,,,,,,,,
6.70,1,3,,,,,,,,,,
6.71,1,3,,,,,,,,,,
6.72,1,3,,,,,,,,,,
6.73,1,3,,,,,,,,,,
6.74,1,3,,,,,,,,,,
6.75,1,3,,,,,,,,,,
6.76,1,3,,,,,,,,,,
6.77,1,3,,,,,,,,,,
6.78,1,3,,,,,,,,,,
6.79,1,3,,,,,,,,,,
6.80,1,3,,,,,,,,,,
6.81,1,3,,,,,,,,,,
6.82,1,3,,,,,,,,,,
6.83,1,3,,,,,,,,,,
6.84,1,3,,,,,,,,,,
6.85,1,3,,,,,,,,,,
6.86,1,3,,,,,,,,,,
6.87,1,3,,,,,,,,,,
6.88,1,3,,,,,,,,,,
6.89,1,3,,,,,,,,,,
6.90,1,3,,,,,,,,,,
6.91,1,3,,,,,,,,,,
6.92,1,3,,,,,,,,,,
6.93,1,3,,,,,,,,,,
6.94,1,3,,,,,,,,,,
6.95,1,3,,,,,,,,,,
6.96,1,3,,,,,,,,,,
6.97,1,3,,,,,,,,,,
6.98,1,3,,,,,,,,,,
6.99,1,3,,,,,,,,,,
7.00,1,3,,,,,,,,,,
7.01,1,3,,,,,,,,,,
7.02,1,3,,,,,,,,,,
7.03,1,3,,,,,,,,,,
7.04,1,3,,,,,,,,,,
7.05,1,3,,,,,,,,,,
7.06,1,3,,,,,,,,,,
7.07,1,3,,,,,,,,,,
7.08,1,3,,,,,,,,,,
7.09,1,3,,,,,,,,,,
7.10,1,3,,,,,,,,,,
7.11,1,3,,,,,,,,,,
7.12,1,3,,,,,,,,,,
7.13,1,3,,,,,,,,,,
7.14,1,3,,,,,,,,,,
7.15,1,3,,,,,,,,,,
7.16,1,3,,,,,,,,,,
7.17,1,3,,,,,,,,,,
7.18,1,3,,,,,,,,,,
7.19,1,3,,,,,,,,,,
7.20,1,3,,,,,,,,,,
7.21,1,3,,,,,,,,,,
7.22,1,3,,,,,,,,,,
7.23,1,3,,,,,,,,,,
7.24,1,3,,,,,,,,,,
7.25,1,3,,,,,,,,,,
7.26,1,3,,,,,,,,,,
7.27,1,3,,,,,,,,,,
7.28,1,3,,,,,,,,,,
7.29,1,3,,,,,,,,,,
7.30,1,3,,,,,,,,,,
7.31,1,3,,,,,,,,,,
7.32,1,3,,,,,,,,,,
7.33,1,3,,,,,,,,,,
7.34,1,3,,,,,,,,,,
7.35,1,3,,,,,,,,,,
7.36,1,3,,,,,,,,,,
7.37,1,3,,,,,,,,,,
7.38,1,3,,,,,,,,,,
7.39,1,3,,,,,,,,,,
7.40,1,3,,,,,,,,,,
7.41,1,3,,,,,,,,,,
7.42,1,3,,,,,,,,,,
7.43,1,3,,,,,,,,,,
7.44,1,3,,,,,,,,,,
7.45,1,3,,,,,,,,,,
7.46,1,3,,,,,,,,,,
7.47,1,3,,,,,,,,,,
7.48,1,3,,,,,,,,,,
7.49,1,3,,,,,,,,,,
7.50,1,3,,,,,,,,,,
7.51,1,3,,,,,,,,,,
7.52,1,3,,,,,,,,,,
7.53,1,3,,,,,,,,,,
7.54,1,3,,,,,,,,,,
7.55,1,3,,,,,,,,,,
7.56,1,3,,,,,,,,,,
7.57,1,3,,,,,,,,,,
7.58,1,3,,,,,,,,,,
7.59,1,3,,,,,,,,,,
7.60,1,3,,,,,,,,,,
7.61,1,3,,,,,,,,,,
7.62,1,3,,,,,,,,,,
7.63,1,3,,,,,,,,,,
7.64,1,3,,,,,,,,,,
7.65,1,3,,,,,,,,,,
7.66,1,3,,,,,,,,,,
7.67,1,3,,,,,,,,,,
7.68,1,3,,,,,,,,,,
7.69,1,3,,,,,,,,,,
7.70,1,3,,,,,,,,,,
7.71,1,3,,,,,,,,,,
7.72,1,3,,,,,,,,,,
7.73,1,3,,,,,,,,,,
7.74,1,3,,,,,,,,,,
7.75,1,3,,,,,,,,,,
7.76,1,3,,,,,,,,,,
7.77,1,3,,,,,,,,,,
7.78,1,3,,,,,,,,,,
7.79,1,3,,,,,,,,,,
7.80,1,3,,,,,,,,,,
7.81,1,3,,,,,,,,,,
7.82,1,3,,,,,,,,,,
7.83,1,3,,,,,,,,,,
7.84,1,3,,,,,,,,,,
7.85,1,3,,,,,,,,,,
7.86,1,3,,,,,,,,,,
7.87,1,3,,,,,,,,,,
7.88,1,3,,,,,,,,,,
7.89,1,3,,,,,,,,,,
7.90,1,3,,,,,,,,,,
7.91,1,3,,,,,,,,,,
7.92,1,3,,,,,,,,,,
7.93,1,3,,,,,,,,,,
7.94,1,3,,,,,,,,,,
7.95,1,3,,,,,,,,,,
7.96,1,3,,,,,,,,,,
7.97,1,3,,,,,,,,,,
7.98,1,3,,,,,,,,,,
7.99,1,3,,,,,,,,,,
8.00,1,3,,,,,,,,,,
8.01,1,3,,,,,,,,,,
8.02,1,3,,,,,,,,,,
8.03,1,3,,,,,,,,,,
8.04,1,3,,,,,,,,,,
8.05,1,3,,,,,,,,,,
8.06,1,3,,,,,,,,,,
8.07,1,3,,,,,,,,,,
8.08,1,3,,,,,,,,,,
8.09,1,3,,,,,,,,,,
8.10,1,3,,,,,,,,,,
8.11,1,3,,,,,,,,,,
8.12,1,3,,,,,,,,,,
8.13,1,3,,,,,,,,,,
8.14,1,3,,,,,,,,,,
8.15,1,3,,,,,,,,,,
8.16,1,3,,,,,,,,,,
8.17,1,3,,,,,,,,,,
8.18,1,3,,,,,,,,,,
8.19,1,3,,,,,,,,,,
8.20,1,3,,,,,,,,,,
8.21,1,3,,,,,,,,,,
8.22,1,3,,,,,,,,,,
8.23,1,3,,,,,,,,,,
8.24,1,3,,,,,,,,,,
8.25,1,3,,,,,,,,,,
8.26,1,3,,,,,,,,,,
8.27,1,3,,,,,,,,,,
8.28,1,3,,,,,,,,,,
8.29,1,3,,,,,,,,,,
8.30,1,3,,,,,,,,,,
8.31,1,3,,,,,,,,,,
8.32,1,3,,,,,,,,,,
8.33,1,3,,,,,,,,,,
8.34,1,3,,,,,,,,,,
8.35,1,3,,,,,,,,,,
8.36,1,3,,,,,,,,,,
8.37,1,3,,,,,,,,,,
8.38,1,3,,,,,,,,,,
8.39,1,3,,,,,,,,,,
8.40,1,3,,,,,,,,,,
8.41,1,3,,,,,,,,,,
8.42,1,3,,,,,,,,,,
8.43,1,3,,,,,,,,,,
8.44,1,3,,,,,,,,,,
8.45,1,3,,,,,,,,,,
8.46,1,3,,,,,,,,,,
8.47,1,3,,,,,,,,,,
8.48,1,3,,,,,,,,,,
8.49,1,3,,,,,,,,,,
8.50,1,3,,,,,,,,,,
8.51,1,3,,,,,,,,,,
8.52,1,3,,,,,,,,,,
8.53,1,3,,,,,,,,,,
8.54,1,3,,,,,,,,,,
8.55,1,3,,,,,,,,,,
8.56,1,3,,,,,,,,,,
8.57,1,3,,,,,,,,,,
8.58,1,3,,,,,,,,,,
8.59,1,3,,,,,,,,,,
8.60,1,3,,,,,,,,,,
8.61,1,3,,,,,,,,,,
8.62,1,3,,,,,,,,,,
8.63,1,3,,,,,,,,,,
8.64,1,3,,,,,,,,,,
8.65,1,3,,,,,,,,,,
8.66,1,3,,,,,,,,,,
8.67,1,3,,,,,,,,,,
8.68,1,3,,,,,,,,,,
8.69,1,3,,,,,,,,,,
8.70,1,3,,,,,,,,,,
8.71,1,3,,,,,,,,,,
8.72,1,3,,,,,,,,,,
8.73,1,3,,,,,,,,,,
8.74,1,3,,,,,,,,,,
8.75,1,3,,,,,,,,,,
8.76,1,3,,,,,,,,,,
8.77,1,3,,,,,,,,,,
8.78,1,3,,,,,,,,,,
8.79,1,3,,,,,,,,,,
8.80,1,3,,,,,,,,,,
8.81,1,3,,,,,,,,,,
8.82,1,3,,,,,,,,,,
8.83,1,3,,,,,,,,,,
8.84,1,3,,,,,,,,,,
8.85,1,3,,,,,,,,,,
8.86,1,3,,,,,,,,,,
8.87,1,3,,,,,,,,,,
8.88,1,3,,,,,,,,,,
8.89,1,3,,,,,,,,,,
8.90,1,3,,,,,,,,,,
8.91,1,3,,,,,,,,,,
8.92,1,3,,,,,,,,,,
8.93,1,3,,,,,,,,,,
8.94,1,3,,,,,,,,,,
8.95,1,3,,,,,,,,,,
8.96,1,3,,,,,,,,,,
8.97,1,3,,,,,,,,,,
8.98,1,3,,,,,,,,,,
8.99,1,3,,,,,,,,,,
9.00,1,3,,,,,,,,,,
9.01,1,3,,,,,,,,,,
9.02,1,3,,,,,,,,,,
9.03,1,3,,,,,,,,,,
9.04,1,3,,,,,,,,,,
9.05,1,3,,,,,,,,,,
9.06,1,3,,,,,,,,,,
9.07,1,3,,,,,,,,,,
9.08,1,3,,,,,,,,,,
9.09,1,3,,,,,,,,,,
9.10,1,3,,,,,,,,,,
9.11,1,3,,,,,,,,,,
9.12,1,3,,,,,,,,,,
9.13,1,3,,,,,,,,,,
9.14,1,3,,,,,,,,,,
9.15,1,3,,,,,,,,,,
9.16,1,3,,,,,,,,,,
9.17,1,3,,,,,,,,,,
9.18,1,3,,,,,,,,,,
9.19,1,3,,,,,,,,,,
9.20,1,3,,,,,,,,,,
9.21,1,3,,,,,,,,,,
9.22,1,3,,,,,,,,,,
9.23,1,3,,,,,,,,,,
9.24,1,3,,,,,,,,,,
9.25,1,3,,,,,,,,,,
9.26,1,3,,,,,,,,,,
9.27,1,3,,,,,,,,,,
9.28,1,3,,,,,,,,,,
9.29,1,3,,,,,,,,,,
9.30,1,3,,,,,,,,,,
9.31,1,3,,,,,,,,,,
9.32,1,3,,,,,,,,,,
9.33,1,3,,,,,,,,,,
9.34,1,3,,,,,,,,,,
9.35,1,3,,,,,,,,,,
9.36,1,3,,,,,,,,,,
9.37,1,3,,,,,,,,,,
9.38,1,3,,,,,,,,,,
9.39,1,3,,,,,,,,,,
9.40,1,3,,,,,,,,,,
9.41,1,3,,,,,,,,,,
9.42,1,3,,,,,,,,,,
9.43,1,3,,,,,,,,,,
9.44,1,3,,,,,,,,,,
9.45,1,3,,,,,,,,,,
9.46,1,3,,,,,,,,,,
9.47,1,3,,,,,,,,,,
9.48,1,3,,,,,,,,,,
9.49,1,3,,,,,,,,,,
9.50,1,3,,,,,,,,,,
9.51,1,3,,,,,,,,,,
9.52,1,3,,,,,,,,,,
9.53,1,3,,,,,,,,,,
9.54,1,3,,,,,,,,,,
9.55,1,3,,,,,,,,,,
9.56,1,3,,,,,,,,,,
9.57,1,3,,,,,,,,,,
9.58,1,3,,,,,,,,,,
9.59,1,3,,,,,,,,,,
9.60,1,3,,,,,,,,,,
9.61,1,3,,,,,,,,,,
9.62,1,3,,,,,,,,,,
9.63,1,3,,,,,,,,,,
9.64,1,3,,,,,,,,,,
9.65,1,3,,,,,,,,,,
9.66,1,3,,,,,,,,,,
9.67,1,3,,,,,,,,,,
9.68,1,3,,,,,,,,,,
9.69,1,3,,,,,,,,,,
9.70,1,3,,,,,,,,,,
9.71,1,3,,,,,,,,,,
9.72,1,3,,,,,,,,,,
9.73,1,3,,,,,,,,,,
9.74,1,3,,,,,,,,,,
9.75,1,3,,,,,,,,,,
9.76,1,3,,,,,,,,,,
9.77,1,3,,,,,,,,,,
9.78,1,3,,,,,,,,,,
9.79,1,3,,,,,,,,,,
9.80,1,3,,,,,,,,,,
9.81,1,3,,,,,,,,,,
9.82,1,3,,,,,,,,,,
9.83,1,3,,,,,,,,,,
9.84,1,3,,,,,,,,,,
9.85,1,3,,,,,,,,,,
9.86,1,3,,,,,,,,,,
9.87,1,3,,,,,,,,,,
9.88,1,3,,,,,,,,,,
9.89,1,3,,,,,,,,,,
9.90,1,3,,,,,,,,,,
9.91,1,3,,,,,,,,,,
9.92,1,3,,,,,,,,,,
9.93,1,3,,,,,,,,,,
9.94,1,3,,,,,,,,,,
9.95,1,3,,,,,,,,,,
9.96,1,3,,,,,,,,,,
9.97,1,3,,,,,,,,,,
9.98,1,3,,,,,,,,,,
9.99,1,3,,,,,,,,,,
10.00,1,3,,,,,,,,,,
0.00,0,3,,,,,,,,,,
0.01,0,4,,,,,,,,,,
0.02,0,4,,,,,,,,,,
0.03,0,4,,,,,,,,,,
0.04,0,4,,,,,,,,,,
0.05,0,4,,,,,,,,,,
0.06,0,4,,,,,,,,,,
0.07,0,4,,,,,,,,,,
0.08,0,4,,,,,,,,,,
0.09,0,4,,,,,,,,,,
0.10,0,4,,,,,,,,,,
0.11,0,4,,,,,,,,,,
0.12,0,4,,,,,,,,,,
0.13,0,4,,,,,,,,,,
0.14,0,4,,,,,,,,,,
0.15,0,4,,,,,,,,,,
0.16,0,4,,,,,,,,,,
0.17,0,4,,,,,,,,,,
0.18,0,4,,,,,,,,,,
0.19,0,4,,,,,,,,,,
0.20,0,4,,,,,,,,,,
0.21,0,4,,,,,,,,,,
0.22,0,4,,,,,,,,,,
0.23,0,4,,,,,,,,,,
0.24,0,4,,,,,,,,,,
0.25,0,4,,,,,,,,,,
0.26,0,4,,,,,,,,,,
0.27,0,4,,,,,,,,,,
0.28,0,4,,,,,,,,,,
0.29,0,4,,,,,,,,,,
0.30,0,4,,,,,,,,,,
0.31,0,4,,,,,,,,,,
0.32,0,4,,,,,,,,,,
0.33,0,4,,,,,,,,,,
0.34,0,4,,,,,,,,,,
0.35,0,4,,,,,,,,,,
0.36,0,4,,,,,,,,,,
0.37,0,4,,,,,,,,,,
0.38,0,4,,,,,,,,,,
0.39,0,4,,,,,,,,,,
0.40,0,4,,,,,,,,,,
0.41,0,4,,,,,,,,,,
0.42,0,4,,,,,,,,,,
0.43,0,4,,,,,,,,,,
0.44,0,4,,,,,,,,,,
0.45,0,4,,,,,,,,,,
0.46,0,4,,,,,,,,,,
0.47,0,4,,,,,,,,,,
0.48,0,4,,,,,,,,,,
0.49,0,4,,,,,,,,,,
0.50,0,4,,,,,,,,,,
0.51,0,4,,,,,,,,,,
0.52,0,4,,,,,,,,,,
0.53,0,4,,,,,,,,,,
0.54,0,4,,,,,,,,,,
0.55,0.0001,4,,,,,,,,,,
0.56,0.00012,4,,,,,,,,,,
0.57,0.000142511841378488,4,,,,,,,,,,
0.58,0.000157416333321486,4,,,,,,,,,,
0.59,0.000172383075660892,4,,,,,,,,,,
0.60,0.000187385675456489,4,,,,,,,,,,
0.61,0.000202397739768058,4,,,,,,,,,,
0.62,0.000217392875655381,4,,,,,,,,,,
0.63,0.00023234469017824,4,,,,,,,,,,
0.64,0.000247226790396417,4,,,,,,,,,,
0.65,0.000262021192620027,4,,,,,,,,,,
0.66,0.00027693528230017,4,,,,,,,,,,
0.67,0.000292421141585121,4,,,,,,,,,,
0.68,0.000308943135590161,4,,,,,,,,,,
0.69,0.000326965629430568,4,,,,,,,,,,
0.70,0.000346952988221623,4,,,,,,,,,,
0.71,0.000369369577078606,4,,,,,,,,,,
0.72,0.000394679761116796,4,,,,,,,,,,
0.73,0.000423347905451473,4,,,,,,,,,,
0.74,0.000455838375197917,4,,,,,,,,,,
0.75,0.000492615535471408,4,,,,,,,,,,
0.76,0.000534143751387225,4,,,,,,,,,,
0.77,0.000580887388060649,4,,,,,,,,,,
0.78,0.000633310810606959,4,,,,,,,,,,
0.79,0.000691878384141434,4,,,,,,,,,,
0.80,0.000757054473779355,4,,,,,,,,,,
0.81,0.000829303444636002,4,,,,,,,,,,
0.82,0.000909089661826653,4,,,,,,,,,,
0.83,0.000996877490466589,4,,,,,,,,,,
0.84,0.00109313129567109,4,,,,,,,,,,
0.85,0.00119831544255544,4,,,,,,,,,,
0.86,0.00131289429623491,4,,,,,,,,,,
0.87,0.00143733222182478,4,,,,,,,,,,
0.88,0.00157209358444034,4,,,,,,,,,,
0.89,0.00171764274919686,4,,,,,,,,,,
0.90,0.00187444408120963,4,,,,,,,,,,
0.91,0.00204296194559391,4,,,,,,,,,,
0.92,0.00222366070746501,4,,,,,,,,,,
0.93,0.00241700473193818,4,,,,,,,,,,
0.94,0.00262345838412871,4,,,,,,,,,,
0.95,0.0028434860291519,4,,,,,,,,,,
0.96,0.00307755203212299,4,,,,,,,,,,
0.97,0.0033261207581573,4,,,,,,,,,,
0.98,0.00358965657237008,4,,,,,,,,,,
0.99,0.00386862383987663,4,,,,,,,,,,
1.00,0.00416348692579222,4,,,,,,,,,,
1.01,0.00447471019523212,4,,,,,,,,,,
1.02,0.00497323624218976,4,,,,,,,,,,
1.03,0.00532739156781982,4,,,,,,,,,,
1.04,0.00569953235487769,4,,,,,,,,,,
1.05,0.00609012296847863,4,,,,,,,,,,
1.06,0.00649962777373792,4,,,,,,,,,,
1.07,0.00692851113577087,4,,,,,,,,,,
1.08,0.00737723741969273,4,,,,,,,,,,
1.09,0.00784627099061878,4,,,,,,,,,,
1.10,0.00833607621366432,4,,,,,,,,,,
1.11,0.00884711745394462,4,,,,,,,,,,
1.12,0.00937985907657496,4,,,,,,,,,,
1.13,0.0099347654466706,4,,,,,,,,,,
1.14,0.0105123009293469,4,,,,,,,,,,
1.15,0.011112929889719,4,,,,,,,,,,
1.16,0.0117371166929023,4,,,,,,,,,,
1.17,0.012385325704012,4,,,,,,,,,,
1.18,0.0130580212881635,4,,,,,,,,,,
1.19,0.0137556678104719,4,,,,,,,,,,
1.20,0.0144787296360526,4,,,,,,,,,,
1.21,0.0152276711300209,4,,,,,,,,,,
1.22,0.016002956657492,4,,,,,,,,,,
1.23,0.0168050505835812,4,,,,,,,,,,
1.24,0.0176344172734038,4,,,,,,,,,,
1.25,0.0184915210920751,4,,,,,,,,,,
1.26,0.0193768264047104,4,,,,,,,,,,
1.27,0.0202906486552751,4,,,,,,,,,,
1.28,0.0212325843150185,4,,,,,,,,,,
1.29,0.022202013165475,4,,,,,,,,,,
1.30,0.0231983149439128,4,,,,,,,,,,
1.31,0.0242208693875999,4,,,,,,,,,,
1.32,0.0252690562338047,4,,,,,,,,,,
1.33,0.0263422552197953,4,,,,,,,,,,
1.34,0.0274398460828397,4,,,,,,,,,,
1.35,0.0285612085602062,4,,,,,,,,,,
1.36,0.029705722389163,4,,,,,,,,,,
1.37,0.0308727673069782,4,,,,,,,,,,
1.38,0.0320617230509199,4,,,,,,,,,,
1.39,0.0332719693582564,4,,,,,,,,,,
1.40,0.0345028859662558,4,,,,,,,,,,
1.41,0.0357538526121862,4,,,,,,,,,,
1.42,0.0370242490333158,4,,,,,,,,,,
1.43,0.0383134549669129,4,,,,,,,,,,
1.44,0.0396208501502454,4,,,,,,,,,,
1.45,0.0409458143205817,4,,,,,,,,,,
1.46,0.0422877272151898,4,,,,,,,,,,
1.47,0.043645968571338,4,,,,,,,,,,
1.48,0.0450199181262944,4,,,,,,,,,,
1.49,0.0464089556173271,4,,,,,,,,,,
1.50,0.0478124607817044,4,,,,,,,,,,
1.51,0.0492298133566943,4,,,,,,,,,,
1.52,0.0506603930795651,4,,,,,,,,,,
1.53,0.0521035796875848,4,,,,,,,,,,
1.54,0.0535587529180218,4,,,,,,,,,,
1.55,0.0550252925081441,4,,,,,,,,,,
1.56,0.0565025781952199,4,,,,,,,,,,
1.57,0.0579899897165173,4,,,,,,,,,,
1.58,0.0594869068093046,4,,,,,,,,,,
1.59,0.0609927092108499,4,,,,,,,,,,
1.60,0.0625067766584213,4,,,,,,,,,,
1.61,0.0640284888892869,4,,,,,,,,,,
1.62,0.0655572256407151,4,,,,,,,,,,
1.63,0.067092366649974,4,,,,,,,,,,
1.64,0.0686332916543316,4,,,,,,,,,,
1.65,0.0701793803910561,4,,,,,,,,,,
1.66,0.0717300125974159,4,,,,,,,,,,
1.67,0.0732845680106788,4,,,,,,,,,,
1.68,0.0748424263681132,4,,,,,,,,,,
1.69,0.0764029674069873,4,,,,,,,,,,
1.70,0.0779655708645691,4,,,,,,,,,,
1.71,0.0795296164781269,4,,,,,,,,,,
1.72,0.0810944839849287,4,,,,,,,,,,
1.73,0.0826595531222429,4,,,,,,,,,,
1.74,0.0842242036273374,4,,,,,,,,,,
1.75,0.0857878152374805,4,,,,,,,,,,
1.76,0.0873497676899404,4,,,,,,,,,,
1.77,0.0889094407219852,4,,,,,,,,,,
1.78,0.0904662140708831,4,,,,,,,,,,
1.79,0.0920194674739022,4,,,,,,,,,,
1.80,0.0935685806683107,4,,,,,,,,,,
1.81,0.0951129333913768,4,,,,,,,,,,
1.82,0.0966519053803687,4,,,,,,,,,,
1.83,0.0981848763725543,4,,,,,,,,,,
1.84,0.099711226105202,4,,,,,,,,,,
1.85,0.10123033431558,4,,,,,,,,,,
1.86,0.102741580740956,4,,,,,,,,,,
1.87,0.104244345118599,4,,,,,,,,,,
1.88,0.105738007185777,4,,,,,,,,,,
1.89,0.107221946679757,4,,,,,,,,,,
1.90,0.108695814668223,4,,,,,,,,,,
1.91,0.110160703596574,4,,,,,,,,,,
1.92,0.111618182677885,4,,,,,,,,,,
1.93,0.113069821429279,4,,,,,,,,,,
1.94,0.114517189367876,4,,,,,,,,,,
1.95,0.115961856010798,4,,,,,,,,,,
1.96,0.117405390875164,4,,,,,,,,,,
1.97,0.118849363478096,4,,,,,,,,,,
1.98,0.120295343336715,4,,,,,,,,,,
1.99,0.121744899968142,4,,,,,,,,,,
2.00,0.123199602889498,4,,,,,,,,,,
2.01,0.124661021617903,4,,,,,,,,,,
2.02,0.126130725670479,4,,,,,,,,,,
2.03,0.127610284564346,4,,,,,,,,,,
2.04,0.129101267816626,4,,,,,,,,,,
2.05,0.130605244944439,4,,,,,,,,,,
2.06,0.132123785464906,4,,,,,,,,,,
2.07,0.133658458895148,4,,,,,,,,,,
2.08,0.135210834752287,4,,,,,,,,,,
2.09,0.136782482553442,4,,,,,,,,,,
2.10,0.138374971815735,4,,,,,,,,,,
2.11,0.139989872056287,4,,,,,,,,,,
2.12,0.141628752792219,4,,,,,,,,,,
2.13,0.143293183540652,4,,,,,,,,,,
2.14,0.144984733818706,4,,,,,,,,,,
2.15,0.146704973143503,4,,,,,,,,,,
2.16,0.148455471032163,4,,,,,,,,,,
2.17,0.150237797001807,4,,,,,,,,,,
2.18,0.152053520569557,4,,,,,,,,,,
2.19,0.153904211252533,4,,,,,,,,,,
2.20,0.155791438567855,4,,,,,,,,,,
2.21,0.157716397334067,4,,,,,,,,,,
2.22,0.159678195288943,4,,,,,,,,,,
2.23,0.161675217777196,4,,,,,,,,,,
2.24,0.163705849444523,4,,,,,,,,,,
2.25,0.165768474936623,4,,,,,,,,,,
2.26,0.167861478899193,4,,,,,,,,,,
2.27,0.16998324597793,4,,,,,,,,,,
2.28,0.172132160818534,4,,,,,,,,,,
2.29,0.1743066080667,4,,,,,,,,,,
2.30,0.176504972368128,4,,,,,,,,,,
2.31,0.178725638368515,4,,,,,,,,,,
2.32,0.180966990713558,4,,,,,,,,,,
2.33,0.183227414048955,4,,,,,,,,,,
2.34,0.185505293020405,4,,,,,,,,,,
2.35,0.187799012273604,4,,,,,,,,,,
2.36,0.190106956454251,4,,,,,,,,,,
2.37,0.192427510208044,4,,,,,,,,,,
2.38,0.194759058180679,4,,,,,,,,,,
2.39,0.197099985017856,4,,,,,,,,,,
2.40,0.199448675365271,4,,,,,,,,,,
2.41,0.201803513868622,4,,,,,,,,,,
2.42,0.204162885173608,4,,,,,,,,,,
2.43,0.206525173925925,4,,,,,,,,,,
2.44,0.208888764771272,4,,,,,,,,,,
2.45,0.211252042355346,4,,,,,,,,,,
2.46,0.213613391323845,4,,,,,,,,,,
2.47,0.215971196322467,4,,,,,,,,,,
2.48,0.21832384199691,4,,,,,,,,,,
2.49,0.220669712992871,4,,,,,,,,,,
2.50,0.223007193956048,4,,,,,,,,,,
2.51,0.225334669532139,4,,,,,,,,,,
2.52,0.227650756846932,4,,,,,,,,,,
2.53,0.229955431152114,4,,,,,,,,,,
2.54,0.23224915946082,4,,,,,,,,,,
2.55,0.234532409466297,4,,,,,,,,,,
2.56,0.236805648861796,4,,,,,,,,,,
2.57,0.239069345340564,4,,,,,,,,,,
2.58,0.241323966595851,4,,,,,,,,,,
2.59,0.243569980320905,4,,,,,,,,,,
2.60,0.245807854208974,4,,,,,,,,,,
2.61,0.248038055953308,4,,,,,,,,,,
2.62,0.250261053247156,4,,,,,,,,,,
2.63,0.252477313783765,4,,,,,,,,,,
2.64,0.254687305256385,4,,,,,,,,,,
2.65,0.256891495358264,4,,,,,,,,,,
2.66,0.259090351782652,4,,,,,,,,,,
2.67,0.261284342222796,4,,,,,,,,,,
2.68,0.263473934371945,4,,,,,,,,,,
2.69,0.265659595923349,4,,,,,,,,,,
2.70,0.267841794570256,4,,,,,,,,,,
2.71,0.270020998005914,4,,,,,,,,,,
2.72,0.272197673923573,4,,,,,,,,,,
2.73,0.27437229001648,4,,,,,,,,,,
2.74,0.276545313977886,4,,,,,,,,,,
2.75,0.278717213501038,4,,,,,,,,,,
2.76,0.280888456279185,4,,,,,,,,,,
2.77,0.283059510005576,4,,,,,,,,,,
2.78,0.285230842373459,4,,,,,,,,,,
2.79,0.287402921076084,4,,,,,,,,,,
2.80,0.289576213806699,4,,,,,,,,,,
2.81,0.291751188258553,4,,,,,,,,,,
2.82,0.293928312124893,4,,,,,,,,,,
2.83,0.296108053098971,4,,,,,,,,,,
2.84,0.298290878874033,4,,,,,,,,,,
2.85,0.300477257143328,4,,,,,,,,,,
2.86,0.302667655600106,4,,,,,,,,,,
2.87,0.304862541937615,4,,,,,,,,,,
2.88,0.307062383849103,4,,,,,,,,,,
2.89,0.30926764902782,4,,,,,,,,,,
2.90,0.311478805167014,4,,,,,,,,,,
2.91,0.313696319959934,4,,,,,,,,,,
2.92,0.315920661099828,4,,,,,,,,,,
2.93,0.318152296279946,4,,,,,,,,,,
2.94,0.320391693193535,4,,,,,,,,,,
2.95,0.322639319533845,4,,,,,,,,,,
2.96,0.324895642994125,4,,,,,,,,,,
2.97,0.327161131267623,4,,,,,,,,,,
2.98,0.329436252047587,4,,,,,,,,,,
2.99,0.331721473027267,4,,,,,,,,,,
3.00,0.334017261899911,4,,,,,,,,,,
3.01,0.336324086358768,4,,,,,,,,,,
3.02,0.338642414097087,4,,,,,,,,,,
3.03,0.340972712808116,4,,,,,,,,,,
3.04,0.343315450185104,4,,,,,,,,,,
3.05,0.3456710939213,4,,,,,,,,,,
3.06,0.348040111709953,4,,,,,,,,,,
3.07,0.35042297124431,4,,,,,,,,,,
3.08,0.352820140217622,4,,,,,,,,,,
3.09,0.355232086323136,4,,,,,,,,,,
3.10,0.357659277254101,4,,,,,,,,,,
3.11,0.360102180703767,4,,,,,,,,,,
3.12,0.362561264365381,4,,,,,,,,,,
3.13,0.365036995932193,4,,,,,,,,,,
3.14,0.36752984309745,4,,,,,,,,,,
3.15,0.370040157859524,4,,,,,,,,,,
3.16,0.372567546849864,4,,,,,,,,,,
3.17,0.375111321186842,4,,,,,,,,,,
3.18,0.377670791247267,4,,,,,,,,,,
3.19,0.380245267407948,4,,,,,,,,,,
3.20,0.382834060045695,4,,,,,,,,,,
3.21,0.385436479537317,4,,,,,,,,,,
3.22,0.388051836259624,4,,,,,,,,,,
3.23,0.390679440589424,4,,,,,,,,,,
3.24,0.393318602903528,4,,,,,,,,,,
3.25,0.395968633578744,4,,,,,,,,,,
3.26,0.398628842991882,4,,,,,,,,,,
3.27,0.401298541519751,4,,,,,,,,,,
3.28,0.403977039539161,4,,,,,,,,,,
3.29,0.406663647426921,4,,,,,,,,,,
3.30,0.40935767555984,4,,,,,,,,,,
3.31,0.412058214347872,4,,,,,,,,,,
3.32,0.41476290103494,4,,,,,,,,,,
3.33,0.417468783424615,4,,,,,,,,,,
3.34,0.420172907635564,4,,,,,,,,,,
3.35,0.422872319786451,4,,,,,,,,,,
3.36,0.425564065995943,4,,,,,,,,,,
3.37,0.428245192382705,4,,,,,,,,,,
3.38,0.430912745065402,4,,,,,,,,,,
3.39,0.433563770162701,4,,,,,,,,,,
3.40,0.436195313793266,4,,,,,,,,,,
3.41,0.438804422075764,4,,,,,,,,,,
3.42,0.441388141128859,4,,,,,,,,,,
3.43,0.443943517071217,4,,,,,,,,,,
3.44,0.446467596021504,4,,,,,,,,,,
3.45,0.448957424098386,4,,,,,,,,,,
3.46,0.451410521745576,4,,,,,,,,,,
3.47,0.453827617883693,4,,,,,,,,,,
3.48,0.456210770938456,4,,,,,,,,,,
3.49,0.458562043602801,4,,,,,,,,,,
3.50,0.460883498569666,4,,,,,,,,,,
3.51,0.463177198531989,4,,,,,,,,,,
3.52,0.465445206182707,4,,,,,,,,,,
3.53,0.467689584214757,4,,,,,,,,,,
3.54,0.469912395321077,4,,,,,,,,,,
3.55,0.472115702194603,4,,,,,,,,,,
3.56,0.474301567528274,4,,,,,,,,,,
3.57,0.476472054015027,4,,,,,,,,,,
3.58,0.478629224347798,4,,,,,,,,,,
3.59,0.480775141219526,4,,,,,,,,,,
3.60,0.482911867323148,4,,,,,,,,,,
3.61,0.485041465351601,4,,,,,,,,,,
3.62,0.487165997997822,4,,,,,,,,,,
3.63,0.489287527954749,4,,,,,,,,,,
3.64,0.491408117915319,4,,,,,,,,,,
3.65,0.49352983057247,4,,,,,,,,,,
3.66,0.495654728619139,4,,,,,,,,,,
3.67,0.497784874748262,4,,,,,,,,,,
3.68,0.499922331652779,4,,,,,,,,,,
3.69,0.502069162025626,4,,,,,,,,,,
3.70,0.504227428559739,4,,,,,,,,,,
3.71,0.506399193948058,4,,,,,,,,,,
3.72,0.508586520883518,4,,,,,,,,,,
3.73,0.510791472059058,4,,,,,,,,,,
3.74,0.513016110167615,4,,,,,,,,,,
3.75,0.515262497902126,4,,,,,,,,,,
3.76,0.517532697955528,4,,,,,,,,,,
3.77,0.519828277796158,4,,,,,,,,,,
3.78,0.522147286176538,4,,,,,,,,,,
3.79,0.524486248394338,4,,,,,,,,,,
3.80,0.526841683638642,4,,,,,,,,,,
3.81,0.529210111098534,4,,,,,,,,,,
3.82,0.531588049963101,4,,,,,,,,,,
3.83,0.533972019421428,4,,,,,,,,,,
3.84,0.5363585386626,4,,,,,,,,,,
3.85,0.538744126875701,4,,,,,,,,,,
3.86,0.541125303249817,4,,,,,,,,,,
3.87,0.543498586974034,4,,,,,,,,,,
3.88,0.545860497237435,4,,,,,,,,,,
3.89,0.548207553229107,4,,,,,,,,,,
3.90,0.550536274138135,4,,,,,,,,,,
3.91,0.552843179153604,4,,,,,,,,,,
3.92,0.555124787464598,4,,,,,,,,,,
3.93,0.557377618260204,4,,,,,,,,,,
3.94,0.559598190729506,4,,,,,,,,,,
3.95,0.56178302406159,4,,,,,,,,,,
3.96,0.56392863744554,4,,,,,,,,,,
3.97,0.566031550070442,4,,,,,,,,,,
3.98,0.568088281125381,4,,,,,,,,,,
3.99,0.570095349799442,4,,,,,,,,,,
4.00,0.57204927528171,4,,,,,,,,,,
4.01,0.573946576761271,4,,,,,,,,,,
4.02,0.575783773427209,4,,,,,,,,,,
4.03,0.57755738446861,4,,,,,,,,,,
4.04,0.579263929074559,4,,,,,,,,,,
4.05,0.580899926434141,4,,,,,,,,,,
4.06,0.582461895736442,4,,,,,,,,,,
4.07,0.583946356170546,4,,,,,,,,,,
4.08,0.585349826925538,4,,,,,,,,,,
4.09,0.586672259491736,4,,,,,,,,,,
4.10,0.587939276064756,4,,,,,,,,,,
4.11,0.589188124510332,4,,,,,,,,,,
4.12,0.590456110153201,4,,,,,,,,,,
4.13,0.5917805383181,4,,,,,,,,,,
4.14,0.593198714329767,4,,,,,,,,,,
4.15,0.594747943512939,4,,,,,,,,,,
4.16,0.596465531192353,4,,,,,,,,,,
4.17,0.598382496440303,4,,,,,,,,,,
4.18,0.600482231720066,4,,,,,,,,,,
4.19,0.602726317637601,4,,,,,,,,,,
4.20,0.605076221534485,4,,,,,,,,,,
4.21,0.607493410752296,4,,,,,,,,,,
4.22,0.609939352632609,4,,,,,,,,,,
4.23,0.612375514517003,4,,,,,,,,,,
4.24,0.614763363747054,4,,,,,,,,,,
4.25,0.617068088101836,4,,,,,,,,,,
4.26,0.619283429766731,4,,,,,,,,,,
4.27,0.62141635516567,4,,,,,,,,,,
4.28,0.623473902795728,4,,,,,,,,,,
4.29,0.625463111153978,4,,,,,,,,,,
4.30,0.627391018737492,4,,,,,,,,,,
4.31,0.629264664043344,4,,,,,,,,,,
4.32,0.631091085568607,4,,,,,,,,,,
4.33,0.632877321810354,4,,,,,,,,,,
4.34,0.634630411265657,4,,,,,,,,,,
4.35,0.636357392431591,4,,,,,,,,,,
4.36,0.638065303805228,4,,,,,,,,,,
4.37,0.639761183883641,4,,,,,,,,,,
4.38,0.641452071163904,4,,,,,,,,,,
4.39,0.643145004143089,4,,,,,,,,,,
4.40,0.644846508158603,4,,,,,,,,,,
4.41,0.646559072879416,4,,,,,,,,,,
4.42,0.64828327946935,4,,,,,,,,,,
4.43,0.650019697734245,4,,,,,,,,,,
4.44,0.651768897479945,4,,,,,,,,,,
4.45,0.65353144851229,4,,,,,,,,,,
4.46,0.655307920637122,4,,,,,,,,,,
4.47,0.657098883660284,4,,,,,,,,,,
4.48,0.658904907387616,4,,,,,,,,,,
4.49,0.66072656162496,4,,,,,,,,,,
4.50,0.66256441617816,4,,,,,,,,,,
4.51,0.664419040853055,4,,,,,,,,,,
4.52,0.666291005455488,4,,,,,,,,,,
4.53,0.6681808797913,4,,,,,,,,,,
4.54,0.670089233666334,4,,,,,,,,,,
4.55,0.672016636886432,4,,,,,,,,,,
4.56,0.673963659257434,4,,,,,,,,,,
4.57,0.675930870585183,4,,,,,,,,,,
4.58,0.67791884067552,4,,,,,,,,,,
4.59,0.679928139334288,4,,,,,,,,,,
4.60,0.681959336367328,4,,,,,,,,,,
4.61,0.684013001580481,4,,,,,,,,,,
4.62,0.68608970477959,4,,,,,,,,,,
4.63,0.688190015770496,4,,,,,,,,,,
4.64,0.690314504359041,4,,,,,,,,,,
4.65,0.692463740351067,4,,,,,,,,,,
4.66,0.694638293552416,4,,,,,,,,,,
4.67,0.696838733768929,4,,,,,,,,,,
4.68,0.699065630806449,4,,,,,,,,,,
4.69,0.701319554470816,4,,,,,,,,,,
4.70,0.703601074567873,4,,,,,,,,,,
4.71,0.705910214727269,4,,,,,,,,,,
4.72,0.70824247939639,4,,,,,,,,,,
4.73,0.710591141944573,4,,,,,,,,,,
4.74,0.71294945997852,4,,,,,,,,,,
4.75,0.715310691104934,4,,,,,,,,,,
4.76,0.717668092930518,4,,,,,,,,,,
4.77,0.720014923061974,4,,,,,,,,,,
4.78,0.722344439106006,4,,,,,,,,,,
4.79,0.724649898669315,4,,,,,,,,,,
4.80,0.726924559358604,4,,,,,,,,,,
4.81,0.729161678780576,4,,,,,,,,,,
4.82,0.731354514541933,4,,,,,,,,,,
4.83,0.733496324249379,4,,,,,,,,,,
4.84,0.735580365509615,4,,,,,,,,,,
4.85,0.737599895929344,4,,,,,,,,,,
4.86,0.739548173115269,4,,,,,,,,,,
4.87,0.741419568503289,4,,,,,,,,,,
4.88,0.743217916772385,4,,,,,,,,,,
4.89,0.744951828872744,4,,,,,,,,,,
4.90,0.746629952442808,4,,,,,,,,,,
4.91,0.748260935121014,4,,,,,,,,,,
4.92,0.749853424545804,4,,,,,,,,,,
4.93,0.751416068355617,4,,,,,,,,,,
4.94,0.752957514188894,4,,,,,,,,,,
4.95,0.754486409684074,4,,,,,,,,,,
4.96,0.756011402479597,4,,,,,,,,,,
4.97,0.757541140213904,4,,,,,,,,,,
4.98,0.759084270525434,4,,,,,,,,,,
4.99,0.760649441052626,4,,,,,,,,,,
5.00,0.762245299433922,4,,,,,,,,,,
5.01,0.763880493307761,4,,,,,,,,,,
5.02,0.765562979394737,4,,,,,,,,,,
5.03,0.767294695848033,4,,,,,,,,,,
5.04,0.769074479768346,4,,,,,,,,,,
5.05,0.770901142564197,4,,,,,,,,,,
5.06,0.772773495644103,4,,,,,,,,,,
5.07,0.774690350416581,4,,,,,,,,,,
5.08,0.77665051829015,4,,,,,,,,,,
5.09,0.778652810673328,4,,,,,,,,,,
5.10,0.780696038974632,4,,,,,,,,,,
5.11,0.782779014602583,4,,,,,,,,,,
5.12,0.784900548965695,4,,,,,,,,,,
5.13,0.78705945347249,4,,,,,,,,,,
5.14,0.789254539531483,4,,,,,,,,,,
5.15,0.791484618551194,4,,,,,,,,,,
5.16,0.793748501940141,4,,,,,,,,,,
5.17,0.79604500110684,4,,,,,,,,,,
5.18,0.798372927459812,4,,,,,,,,,,
5.19,0.800731092407573,4,,,,,,,,,,
5.20,0.803118307358641,4,,,,,,,,,,
5.21,0.805533383721536,4,,,,,,,,,,
5.22,0.807975132904774,4,,,,,,,,,,
5.23,0.810442366316875,4,,,,,,,,,,
5.24,0.812933895366355,4,,,,,,,,,,
5.25,0.815448531461733,4,,,,,,,,,,
5.26,0.817985086011527,4,,,,,,,,,,
5.27,0.820542370424256,4,,,,,,,,,,
5.28,0.823119196108437,4,,,,,,,,,,
5.29,0.825714374472589,4,,,,,,,,,,
5.30,0.828326716925228,4,,,,,,,,,,
5.31,0.830955034874874,4,,,,,,,,,,
5.32,0.833598139730045,4,,,,,,,,,,
5.33,0.836254842899259,4,,,,,,,,,,
5.34,0.83892392581463,4,,,,,,,,,,
5.35,0.841603894345965,4,,,,,,,,,,
5.36,0.844293106015825,4,,,,,,,,,,
5.37,0.84698991691421,4,,,,,,,,,,
5.38,0.849692683131122,4,,,,,,,,,,
5.39,0.852399760756563,4,,,,,,,,,,
5.40,0.855109505880532,4,,,,,,,,,,
5.41,0.857820274593031,4,,,,,,,,,,
5.42,0.860530422984061,4,,,,,,,,,,
5.43,0.863238307143625,4,,,,,,,,,,
5.44,0.865942283161721,4,,,,,,,,,,
5.45,0.868640707128353,4,,,,,,,,,,
5.46,0.871331935133521,4,,,,,,,,,,
5.47,0.874014323267225,4,,,,,,,,,,
5.48,0.876686227619468,4,,,,,,,,,,
5.49,0.87934600428025,4,,,,,,,,,,
5.50,0.881992009339572,4,,,,,,,,,,
5.51,0.884622598887437,4,,,,,,,,,,
5.52,0.887236129013844,4,,,,,,,,,,
5.53,0.889830955808795,4,,,,,,,,,,
5.54,0.892405435362291,4,,,,,,,,,,
5.55,0.894957923764333,4,,,,,,,,,,
5.56,0.897486777104923,4,,,,,,,,,,
5.57,0.899990351474061,4,,,,,,,,,,
5.58,0.902467002961748,4,,,,,,,,,,
5.59,0.904915087657987,4,,,,,,,,,,
5.60,0.907332961652778,4,,,,,,,,,,
5.61,0.909718981036122,4,,,,,,,,,,
5.62,0.91207150189802,4,,,,,,,,,,
5.63,0.914388880328473,4,,,,,,,,,,
5.64,0.916669472417483,4,,,,,,,,,,
5.65,0.918913411113898,4,,,,,,,,,,
5.66,0.921138050616229,4,,,,,,,,,,
5.67,0.923370416007251,4,,,,,,,,,,
5.68,0.925637639675347,4,,,,,,,,,,
5.69,0.927966854008899,4,,,,,,,,,,
5.70,0.930385191396291,4,,,,,,,,,,
5.71,0.932919784225904,4,,,,,,,,,,
5.72,0.935597764886122,4,,,,,,,,,,
5.73,0.938443565598236,4,,,,,,,,,,
5.74,0.941455085602243,4,,,,,,,,,,
5.75,0.944615161375295,4,,,,,,,,,,
5.76,0.947906456402137,4,,,,,,,,,,
5.77,0.951311634167515,4,,,,,,,,,,
5.78,0.954813358156172,4,,,,,,,,,,
5.79,0.958394291852854,4,,,,,,,,,,
5.80,0.962037098742306,4,,,,,,,,,,
5.81,0.965721994539629,4,,,,,,,,,,
5.82,0.969404807121728,4,,,,,,,,,,
5.83,0.973027368412708,4,,,,,,,,,,
5.84,0.976531344049382,4,,,,,,,,,,
5.85,0.979858399668569,4,,,,,,,,,,
5.86,0.982950200907084,4,,,,,,,,,,
5.87,0.985748413401743,4,,,,,,,,,,
5.88,0.988194702789363,4,,,,,,,,,,
5.89,0.990237440759983,4,,,,,,,,,,
5.90,0.991892747745603,4,,,,,,,,,,
5.91,0.993216047983225,4,,,,,,,,,,
5.92,0.994263248546536,4,,,,,,,,,,
5.93,0.995090256509221,4,,,,,,,,,,
5.94,0.995752978944968,4,,,,,,,,,,
5.95,0.996307322927461,4,,,,,,,,,,
5.96,0.99680603072568,4,,,,,,,,,,
5.97,0.99726947936664,4,,,,,,,,,,
5.98,0.997699090901137,4,,,,,,,,,,
5.99,0.998096047714794,4,,,,,,,,,,
6.00,0.998461532193235,4,,,,,,,,,,
6.01,0.998796726722082,4,,,,,,,,,,
6.02,0.999102813686961,4,,,,,,,,,,
6.03,0.999380975473493,4,,,,,,,,,,
6.04,0.999632394467303,4,,,,,,,,,,
6.05,0.999858253054013,4,,,,,,,,,,
6.06,1,4,,,,,,,,,,
6.07,1,4,,,,,,,,,,
6.08,1,4,,,,,,,,,,
6.09,1,4,,,,,,,,,,
6.10,1,4,,,,,,,,,,
6.11,1,4,,,,,,,,,,
6.12,1,4,,,,,,,,,,
6.13,1,4,,,,,,,,,,
6.14,1,4,,,,,,,,,,
6.15,1,4,,,,,,,,,,
6.16,1,4,,,,,,,,,,
6.17,1,4,,,,,,,,,,
6.18,1,4,,,,,,,,,,
6.19,1,4,,,,,,,,,,
6.20,1,4,,,,,,,,,,
6.21,1,4,,,,,,,,,,
6.22,1,4,,,,,,,,,,
6.23,1,4,,,,,,,,,,
6.24,1,4,,,,,,,,,,
6.25,1,4,,,,,,,,,,
6.26,1,4,,,,,,,,,,
6.27,1,4,,,,,,,,,,
6.28,1,4,,,,,,,,,,
6.29,1,4,,,,,,,,,,
6.30,1,4,,,,,,,,,,
6.31,1,4,,,,,,,,,,
6.32,1,4,,,,,,,,,,
6.33,1,4,,,,,,,,,,
6.34,1,4,,,,,,,,,,
6.35,1,4,,,,,,,,,,
6.36,1,4,,,,,,,,,,
6.37,1,4,,,,,,,,,,
6.38,1,4,,,,,,,,,,
6.39,1,4,,,,,,,,,,
6.40,1,4,,,,,,,,,,
6.41,1,4,,,,,,,,,,
6.42,1,4,,,,,,,,,,
6.43,1,4,,,,,,,,,,
6.44,1,4,,,,,,,,,,
6.45,1,4,,,,,,,,,,
6.46,1,4,,,,,,,,,,
6.47,1,4,,,,,,,,,,
6.48,1,4,,,,,,,,,,
6.49,1,4,,,,,,,,,,
6.50,1,4,,,,,,,,,,
6.51,1,4,,,,,,,,,,
6.52,1,4,,,,,,,,,,
6.53,1,4,,,,,,,,,,
6.54,1,4,,,,,,,,,,
6.55,1,4,,,,,,,,,,
6.56,1,4,,,,,,,,,,
6.57,1,4,,,,,,,,,,
6.58,1,4,,,,,,,,,,
6.59,1,4,,,,,,,,,,
6.60,1,4,,,,,,,,,,
6.61,1,4,,,,,,,,,,
6.62,1,4,,,,,,,,,,
6.63,1,4,,,,,,,,,,
6.64,1,4,,,,,,,,,,
6.65,1,4,,,,,,,,,,
6.66,1,4,,,,,,,,,,
6.67,1,4,,,,,,,,,,
6.68,1,4,,,,,,,,,,
6.69,1,4,,,,,,,,,,
6.70,1,4,,,,,,,,,,
6.71,1,4,,,,,,,,,,
6.72,1,4,,,,,,,,,,
6.73,1,4,,,,,,,,,,
6.74,1,4,,,,,,,,,,
6.75,1,4,,,,,,,,,,
6.76,1,4,,,,,,,,,,
6.77,1,4,,,,,,,,,,
6.78,1,4,,,,,,,,,,
6.79,1,4,,,,,,,,,,
6.80,1,4,,,,,,,,,,
6.81,1,4,,,,,,,,,,
6.82,1,4,,,,,,,,,,
6.83,1,4,,,,,,,,,,
6.84,1,4,,,,,,,,,,
6.85,1,4,,,,,,,,,,
6.86,1,4,,,,,,,,,,
6.87,1,4,,,,,,,,,,
6.88,1,4,,,,,,,,,,
6.89,1,4,,,,,,,,,,
6.90,1,4,,,,,,,,,,
6.91,1,4,,,,,,,,,,
6.92,1,4,,,,,,,,,,
6.93,1,4,,,,,,,,,,
6.94,1,4,,,,,,,,,,
6.95,1,4,,,,,,,,,,
6.96,1,4,,,,,,,,,,
6.97,1,4,,,,,,,,,,
6.98,1,4,,,,,,,,,,
6.99,1,4,,,,,,,,,,
7.00,1,4,,,,,,,,,,
7.01,1,4,,,,,,,,,,
7.02,1,4,,,,,,,,,,
7.03,1,4,,,,,,,,,,
7.04,1,4,,,,,,,,,,
7.05,1,4,,,,,,,,,,
7.06,1,4,,,,,,,,,,
7.07,1,4,,,,,,,,,,
7.08,1,4,,,,,,,,,,
7.09,1,4,,,,,,,,,,
7.10,1,4,,,,,,,,,,
7.11,1,4,,,,,,,,,,
7.12,1,4,,,,,,,,,,
7.13,1,4,,,,,,,,,,
7.14,1,4,,,,,,,,,,
7.15,1,4,,,,,,,,,,
7.16,1,4,,,,,,,,,,
7.17,1,4,,,,,,,,,,
7.18,1,4,,,,,,,,,,
7.19,1,4,,,,,,,,,,
7.20,1,4,,,,,,,,,,
7.21,1,4,,,,,,,,,,
7.22,1,4,,,,,,,,,,
7.23,1,4,,,,,,,,,,
7.24,1,4,,,,,,,,,,
7.25,1,4,,,,,,,,,,
7.26,1,4,,,,,,,,,,
7.27,1,4,,,,,,,,,,
7.28,1,4,,,,,,,,,,
7.29,1,4,,,,,,,,,,
7.30,1,4,,,,,,,,,,
7.31,1,4,,,,,,,,,,
7.32,1,4,,,,,,,,,,
7.33,1,4,,,,,,,,,,
7.34,1,4,,,,,,,,,,
7.35,1,4,,,,,,,,,,
7.36,1,4,,,,,,,,,,
7.37,1,4,,,,,,,,,,
7.38,1,4,,,,,,,,,,
7.39,1,4,,,,,,,,,,
7.40,1,4,,,,,,,,,,
7.41,1,4,,,,,,,,,,
7.42,1,4,,,,,,,,,,
7.43,1,4,,,,,,,,,,
7.44,1,4,,,,,,,,,,
7.45,1,4,,,,,,,,,,
7.46,1,4,,,,,,,,,,
7.47,1,4,,,,,,,,,,
7.48,1,4,,,,,,,,,,
7.49,1,4,,,,,,,,,,
7.50,1,4,,,,,,,,,,
7.51,1,4,,,,,,,,,,
7.52,1,4,,,,,,,,,,
7.53,1,4,,,,,,,,,,
7.54,1,4,,,,,,,,,,
7.55,1,4,,,,,,,,,,
7.56,1,4,,,,,,,,,,
7.57,1,4,,,,,,,,,,
7.58,1,4,,,,,,,,,,
7.59,1,4,,,,,,,,,,
7.60,1,4,,,,,,,,,,
7.61,1,4,,,,,,,,,,
7.62,1,4,,,,,,,,,,
7.63,1,4,,,,,,,,,,
7.64,1,4,,,,,,,,,,
7.65,1,4,,,,,,,,,,
7.66,1,4,,,,,,,,,,
7.67,1,4,,,,,,,,,,
7.68,1,4,,,,,,,,,,
7.69,1,4,,,,,,,,,,
7.70,1,4,,,,,,,,,,
7.71,1,4,,,,,,,,,,
7.72,1,4,,,,,,,,,,
7.73,1,4,,,,,,,,,,
7.74,1,4,,,,,,,,,,
7.75,1,4,,,,,,,,,,
7.76,1,4,,,,,,,,,,
7.77,1,4,,,,,,,,,,
7.78,1,4,,,,,,,,,,
7.79,1,4,,,,,,,,,,
7.80,1,4,,,,,,,,,,
7.81,1,4,,,,,,,,,,
7.82,1,4,,,,,,,,,,
7.83,1,4,,,,,,,,,,
7.84,1,4,,,,,,,,,,
7.85,1,4,,,,,,,,,,
7.86,1,4,,,,,,,,,,
7.87,1,4,,,,,,,,,,
7.88,1,4,,,,,,,,,,
7.89,1,4,,,,,,,,,,
7.90,1,4,,,,,,,,,,
7.91,1,4,,,,,,,,,,
7.92,1,4,,,,,,,,,,
7.93,1,4,,,,,,,,,,
7.94,1,4,,,,,,,,,,
7.95,1,4,,,,,,,,,,
7.96,1,4,,,,,,,,,,
7.97,1,4,,,,,,,,,,
7.98,1,4,,,,,,,,,,
7.99,1,4,,,,,,,,,,
8.00,1,4,,,,,,,,,,
8.01,1,4,,,,,,,,,,
8.02,1,4,,,,,,,,,,
8.03,1,4,,,,,,,,,,
8.04,1,4,,,,,,,,,,
8.05,1,4,,,,,,,,,,
8.06,1,4,,,,,,,,,,
8.07,1,4,,,,,,,,,,
8.08,1,4,,,,,,,,,,
8.09,1,4,,,,,,,,,,
8.10,1,4,,,,,,,,,,
8.11,1,4,,,,,,,,,,
8.12,1,4,,,,,,,,,,
8.13,1,4,,,,,,,,,,
8.14,1,4,,,,,,,,,,
8.15,1,4,,,,,,,,,,
8.16,1,4,,,,,,,,,,
8.17,1,4,,,,,,,,,,
8.18,1,4,,,,,,,,,,
8.19,1,4,,,,,,,,,,
8.20,1,4,,,,,,,,,,
8.21,1,4,,,,,,,,,,
8.22,1,4,,,,,,,,,,
8.23,1,4,,,,,,,,,,
8.24,1,4,,,,,,,,,,
8.25,1,4,,,,,,,,,,
8.26,1,4,,,,,,,,,,
8.27,1,4,,,,,,,,,,
8.28,1,4,,,,,,,,,,
8.29,1,4,,,,,,,,,,
8.30,1,4,,,,,,,,,,
8.31,1,4,,,,,,,,,,
8.32,1,4,,,,,,,,,,
8.33,1,4,,,,,,,,,,
8.34,1,4,,,,,,,,,,
8.35,1,4,,,,,,,,,,
8.36,1,4,,,,,,,,,,
8.37,1,4,,,,,,,,,,
8.38,1,4,,,,,,,,,,
8.39,1,4,,,,,,,,,,
8.40,1,4,,,,,,,,,,
8.41,1,4,,,,,,,,,,
8.42,1,4,,,,,,,,,,
8.43,1,4,,,,,,,,,,
8.44,1,4,,,,,,,,,,
8.45,1,4,,,,,,,,,,
8.46,1,4,,,,,,,,,,
8.47,1,4,,,,,,,,,,
8.48,1,4,,,,,,,,,,
8.49,1,4,,,,,,,,,,
8.50,1,4,,,,,,,,,,
8.51,1,4,,,,,,,,,,
8.52,1,4,,,,,,,,,,
8.53,1,4,,,,,,,,,,
8.54,1,4,,,,,,,,,,
8.55,1,4,,,,,,,,,,
8.56,1,4,,,,,,,,,,
8.57,1,4,,,,,,,,,,
8.58,1,4,,,,,,,,,,
8.59,1,4,,,,,,,,,,
8.60,1,4,,,,,,,,,,
8.61,1,4,,,,,,,,,,
8.62,1,4,,,,,,,,,,
8.63,1,4,,,,,,,,,,
8.64,1,4,,,,,,,,,,
8.65,1,4,,,,,,,,,,
8.66,1,4,,,,,,,,,,
8.67,1,4,,,,,,,,,,
8.68,1,4,,,,,,,,,,
8.69,1,4,,,,,,,,,,
8.70,1,4,,,,,,,,,,
8.71,1,4,,,,,,,,,,
8.72,1,4,,,,,,,,,,
8.73,1,4,,,,,,,,,,
8.74,1,4,,,,,,,,,,
8.75,1,4,,,,,,,,,,
8.76,1,4,,,,,,,,,,
8.77,1,4,,,,,,,,,,
8.78,1,4,,,,,,,,,,
8.79,1,4,,,,,,,,,,
8.80,1,4,,,,,,,,,,
8.81,1,4,,,,,,,,,,
8.82,1,4,,,,,,,,,,
8.83,1,4,,,,,,,,,,
8.84,1,4,,,,,,,,,,
8.85,1,4,,,,,,,,,,
8.86,1,4,,,,,,,,,,
8.87,1,4,,,,,,,,,,
8.88,1,4,,,,,,,,,,
8.89,1,4,,,,,,,,,,
8.90,1,4,,,,,,,,,,
8.91,1,4,,,,,,,,,,
8.92,1,4,,,,,,,,,,
8.93,1,4,,,,,,,,,,
8.94,1,4,,,,,,,,,,
8.95,1,4,,,,,,,,,,
8.96,1,4,,,,,,,,,,
8.97,1,4,,,,,,,,,,
8.98,1,4,,,,,,,,,,
8.99,1,4,,,,,,,,,,
9.00,1,4,,,,,,,,,,
9.01,1,4,,,,,,,,,,
9.02,1,4,,,,,,,,,,
9.03,1,4,,,,,,,,,,
9.04,1,4,,,,,,,,,,
9.05,1,4,,,,,,,,,,
9.06,1,4,,,,,,,,,,
9.07,1,4,,,,,,,,,,
9.08,1,4,,,,,,,,,,
9.09,1,4,,,,,,,,,,
9.10,1,4,,,,,,,,,,
9.11,1,4,,,,,,,,,,
9.12,1,4,,,,,,,,,,
9.13,1,4,,,,,,,,,,
9.14,1,4,,,,,,,,,,
9.15,1,4,,,,,,,,,,
9.16,1,4,,,,,,,,,,
9.17,1,4,,,,,,,,,,
9.18,1,4,,,,,,,,,,
9.19,1,4,,,,,,,,,,
9.20,1,4,,,,,,,,,,
9.21,1,4,,,,,,,,,,
9.22,1,4,,,,,,,,,,
9.23,1,4,,,,,,,,,,
9.24,1,4,,,,,,,,,,
9.25,1,4,,,,,,,,,,
9.26,1,4,,,,,,,,,,
9.27,1,4,,,,,,,,,,
9.28,1,4,,,,,,,,,,
9.29,1,4,,,,,,,,,,
9.30,1,4,,,,,,,,,,
9.31,1,4,,,,,,,,,,
9.32,1,4,,,,,,,,,,
9.33,1,4,,,,,,,,,,
9.34,1,4,,,,,,,,,,
9.35,1,4,,,,,,,,,,
9.36,1,4,,,,,,,,,,
9.37,1,4,,,,,,,,,,
9.38,1,4,,,,,,,,,,
9.39,1,4,,,,,,,,,,
9.40,1,4,,,,,,,,,,
9.41,1,4,,,,,,,,,,
9.42,1,4,,,,,,,,,,
9.43,1,4,,,,,,,,,,
9.44,1,4,,,,,,,,,,
9.45,1,4,,,,,,,,,,
9.46,1,4,,,,,,,,,,
9.47,1,4,,,,,,,,,,
9.48,1,4,,,,,,,,,,
9.49,1,4,,,,,,,,,,
9.50,1,4,,,,,,,,,,
9.51,1,4,,,,,,,,,,
9.52,1,4,,,,,,,,,,
9.53,1,4,,,,,,,,,,
9.54,1,4,,,,,,,,,,
9.55,1,4,,,,,,,,,,
9.56,1,4,,,,,,,,,,
9.57,1,4,,,,,,,,,,
9.58,1,4,,,,,,,,,,
9.59,1,4,,,,,,,,,,
9.60,1,4,,,,,,,,,,
9.61,1,4,,,,,,,,,,
9.62,1,4,,,,,,,,,,
9.63,1,4,,,,,,,,,,
9.64,1,4,,,,,,,,,,
9.65,1,4,,,,,,,,,,
9.66,1,4,,,,,,,,,,
9.67,1,4,,,,,,,,,,
9.68,1,4,,,,,,,,,,
9.69,1,4,,,,,,,,,,
9.70,1,4,,,,,,,,,,
9.71,1,4,,,,,,,,,,
9.72,1,4,,,,,,,,,,
9.73,1,4,,,,,,,,,,
9.74,1,4,,,,,,,,,,
9.75,1,4,,,,,,,,,,
9.76,1,4,,,,,,,,,,
9.77,1,4,,,,,,,,,,
9.78,1,4,,,,,,,,,,
9.79,1,4,,,,,,,,,,
9.80,1,4,,,,,,,,,,
9.81,1,4,,,,,,,,,,
9.82,1,4,,,,,,,,,,
9.83,1,4,,,,,,,,,,
9.84,1,4,,,,,,,,,,
9.85,1,4,,,,,,,,,,
9.86,1,4,,,,,,,,,,
9.87,1,4,,,,,,,,,,
9.88,1,4,,,,,,,,,,
9.89,1,4,,,,,,,,,,
9.90,1,4,,,,,,,,,,
9.91,1,4,,,,,,,,,,
9.92,1,4,,,,,,,,,,1350
9.93,1,4,,,,,,,,,,
9.94,1,4,,,,,,,,,,
9.95,1,4,,,,,,,,,,
9.96,1,4,,,,,,,,,,
9.97,1,4,,,,,,,,,,
9.98,1,4,,,,,,,,,,
9.99,1,4,,,,,,,,,,
10.00,1,4,,,,,,,,,,
0.00,0,5,,,,,,,,,,
0.01,0,5,,,,,,,,,,
0.02,0,5,,,,,,,,,,
0.03,0,5,,,,,,,,,,
0.04,0,5,,,,,,,,,,
0.05,0,5,,,,,,,,,,
0.06,0,5,,,,,,,,,,
0.07,0,5,,,,,,,,,,
0.08,0,5,,,,,,,,,,
0.09,0,5,,,,,,,,,,
0.10,0,5,,,,,,,,,,
0.11,0,5,,,,,,,,,,
0.12,0,5,,,,,,,,,,
0.13,0,5,,,,,,,,,,
0.14,0,5,,,,,,,,,,
0.15,0,5,,,,,,,,,,
0.16,0,5,,,,,,,,,,
0.17,0,5,,,,,,,,,,
0.18,0,5,,,,,,,,,,
0.19,0,5,,,,,,,,,,
0.20,0,5,,,,,,,,,,
0.21,0,5,,,,,,,,,,
0.22,0,5,,,,,,,,,,
0.23,0,5,,,,,,,,,,
0.24,0,5,,,,,,,,,,
0.25,0,5,,,,,,,,,,
0.26,0,5,,,,,,,,,,
0.27,0,5,,,,,,,,,,
0.28,0,5,,,,,,,,,,
0.29,0,5,,,,,,,,,,
0.30,0,5,,,,,,,,,,
0.31,0,5,,,,,,,,,,
0.32,0,5,,,,,,,,,,
0.33,0,5,,,,,,,,,,
0.34,0,5,,,,,,,,,,
0.35,0,5,,,,,,,,,,
0.36,0,5,,,,,,,,,,
0.37,0,5,,,,,,,,,,
0.38,0,5,,,,,,,,,,
0.39,0,5,,,,,,,,,,
0.40,0,5,,,,,,,,,,
0.41,0,5,,,,,,,,,,
0.42,0,5,,,,,,,,,,
0.43,0,5,,,,,,,,,,
0.44,0,5,,,,,,,,,,
0.45,0,5,,,,,,,,,,
0.46,0,5,,,,,,,,,,
0.47,0,5,,,,,,,,,,
0.48,0,5,,,,,,,,,,
0.49,0,5,,,,,,,,,,
0.50,0,5,,,,,,,,,,
0.51,0,5,,,,,,,,,,
0.52,0,5,,,,,,,,,,
0.53,0,5,,,,,,,,,,
0.54,0,5,,,,,,,,,,
0.55,0,5,,,,,,,,,,
0.56,0,5,,,,,,,,,,
0.57,0,5,,,,,,,,,,
0.58,0,5,,,,,,,,,,
0.59,0,5,,,,,,,,,,
0.60,0,5,,,,,,,,,,
0.61,0,5,,,,,,,,,,
0.62,0,5,,,,,,,,,,
0.63,0,5,,,,,,,,,,
0.64,0,5,,,,,,,,,,
0.65,0,5,,,,,,,,,,
0.66,0,5,,,,,,,,,,
0.67,0,5,,,,,,,,,,
0.68,0,5,,,,,,,,,,
0.69,0,5,,,,,,,,,,
0.70,0,5,,,,,,,,,,
0.71,0,5,,,,,,,,,,
0.72,0,5,,,,,,,,,,
0.73,0,5,,,,,,,,,,
0.74,0,5,,,,,,,,,,
0.75,0,5,,,,,,,,,,
0.76,0,5,,,,,,,,,,
0.77,0,5,,,,,,,,,,
0.78,0,5,,,,,,,,,,
0.79,0,5,,,,,,,,,,
0.80,0,5,,,,,,,,,,
0.81,2.60187905167762E-05,5,,,,,,,,,,
0.82,0.000102400014115464,5,,,,,,,,,,
0.83,0.000185708251358726,5,,,,,,,,,,
0.84,0.000276144104855897,5,,,,,,,,,,
0.85,0.000373908177216309,5,,,,,,,,,,
0.86,0.000479201071049301,5,,,,,,,,,,
0.87,0.000592223388964202,5,,,,,,,,,,
0.88,0.000713175733570348,5,,,,,,,,,,
0.89,0.000842258707477072,5,,,,,,,,,,
0.90,0.000979672913293707,5,,,,,,,,,,
0.91,0.00112561895362959,5,,,,,,,,,,
0.92,0.00128029743109405,5,,,,,,,,,,
0.93,0.00144390894829643,5,,,,,,,,,,
0.94,0.00161665410784605,5,,,,,,,,,,
0.95,0.00179873351235226,5,,,,,,,,,,
0.96,0.00199034776442439,5,,,,,,,,,,
0.97,0.00219169746667176,5,,,,,,,,,,
0.98,0.00240298322170372,5,,,,,,,,,,
0.99,0.0026244056321296,5,,,,,,,,,,
1.00,0.00285616530055872,5,,,,,,,,,,
1.01,0.00309846282960044,5,,,,,,,,,,
1.02,0.00348210643001952,5,,,,,,,,,,
1.03,0.00375162624700854,5,,,,,,,,,,
1.04,0.00403238603374281,5,,,,,,,,,,
1.05,0.00432458639283167,5,,,,,,,,,,
1.06,0.00462842792688445,5,,,,,,,,,,
1.07,0.00494411123851049,5,,,,,,,,,,
1.08,0.00527183693031912,5,,,,,,,,,,
1.09,0.00561180560491967,5,,,,,,,,,,
1.10,0.00596421786492149,5,,,,,,,,,,
1.11,0.0063292743129339,5,,,,,,,,,,
1.12,0.00670717555156623,5,,,,,,,,,,
1.13,0.00709812218342782,5,,,,,,,,,,
1.14,0.00750231481112801,5,,,,,,,,,,
1.15,0.00791995403727613,5,,,,,,,,,,
1.16,0.00835124046448151,5,,,,,,,,,,
1.17,0.00879637469535348,5,,,,,,,,,,
1.18,0.00925555733250139,5,,,,,,,,,,
1.19,0.00972898897853456,5,,,,,,,,,,
1.20,0.0102168702360623,5,,,,,,,,,,
1.21,0.010719401707694,5,,,,,,,,,,
1.22,0.011236783996039,5,,,,,,,,,,
1.23,0.0117692177037066,5,,,,,,,,,,
1.24,0.0123169034333061,5,,,,,,,,,,
1.25,0.0128800417874468,5,,,,,,,,,,
1.26,0.0134588333687382,5,,,,,,,,,,
1.27,0.0140534239027451,5,,,,,,,,,,
1.28,0.0146636941755135,5,,,,,,,,,,
1.29,0.0152894451235107,5,,,,,,,,,,
1.30,0.0159304776668918,5,,,,,,,,,,
1.31,0.0165865927258119,5,,,,,,,,,,
1.32,0.0172575912204262,5,,,,,,,,,,
1.33,0.0179432740708898,5,,,,,,,,,,
1.34,0.0186434421973579,5,,,,,,,,,,
1.35,0.0193578965199855,5,,,,,,,,,,
1.36,0.0200864379589279,5,,,,,,,,,,
1.37,0.0208288674343401,5,,,,,,,,,,
1.38,0.0215849858663773,5,,,,,,,,,,
1.39,0.0223545941751947,5,,,,,,,,,,
1.40,0.0231374932809473,5,,,,,,,,,,
1.41,0.0239334841037904,5,,,,,,,,,,
1.42,0.024742367563879,5,,,,,,,,,,
1.43,0.0255639445813683,5,,,,,,,,,,
1.44,0.0263980160764134,5,,,,,,,,,,
1.45,0.0272443829691695,5,,,,,,,,,,
1.46,0.0281028461797917,5,,,,,,,,,,
1.47,0.0289732066284352,5,,,,,,,,,,
1.48,0.029855265235255,5,,,,,,,,,,
1.49,0.0307488229204064,5,,,,,,,,,,
1.50,0.0316536806040443,5,,,,,,,,,,
1.51,0.0325696392063241,5,,,,,,,,,,
1.52,0.0334964996474009,5,,,,,,,,,,
1.53,0.0344340628474296,5,,,,,,,,,,
1.54,0.0353821297265657,5,,,,,,,,,,
1.55,0.036340501204964,5,,,,,,,,,,
1.56,0.0373089782027799,5,,,,,,,,,,
1.57,0.0382873616401683,5,,,,,,,,,,
1.58,0.0392754524372845,5,,,,,,,,,,
1.59,0.0402729985018923,5,,,,,,,,,,
1.60,0.0412794790954784,5,,,,,,,,,,
1.61,0.0422942885838491,5,,,,,,,,,,
1.62,0.0433168212999322,5,,,,,,,,,,
1.63,0.0443464715766553,5,,,,,,,,,,
1.64,0.045382633746946,5,,,,,,,,,,
1.65,0.0464247021437322,5,,,,,,,,,,
1.66,0.0474720710999415,5,,,,,,,,,,
1.67,0.0485241349485014,5,,,,,,,,,,
1.68,0.0495802880223398,5,,,,,,,,,,
1.69,0.0506399246543843,5,,,,,,,,,,
1.70,0.0517024391775626,5,,,,,,,,,,
1.71,0.0527672259248023,5,,,,,,,,,,
1.72,0.0538336792290312,5,,,,,,,,,,
1.73,0.0549011934231769,5,,,,,,,,,,
1.74,0.0559691628401671,5,,,,,,,,,,
1.75,0.0570369818129295,5,,,,,,,,,,
1.76,0.0581040446743917,5,,,,,,,,,,
1.77,0.0591697457574815,5,,,,,,,,,,
1.78,0.0602334793951265,5,,,,,,,,,,
1.79,0.0612946399202545,5,,,,,,,,,,
1.80,0.062352621665793,5,,,,,,,,,,
1.81,0.0634068189646697,5,,,,,,,,,,
1.82,0.0644566261498124,5,,,,,,,,,,
1.83,0.0655014375541487,5,,,,,,,,,,
1.84,0.0665406475106064,5,,,,,,,,,,
1.85,0.067573650352113,5,,,,,,,,,,
1.86,0.0685998404115963,5,,,,,,,,,,
1.87,0.0696186120219839,5,,,,,,,,,,
1.88,0.0706293595162035,5,,,,,,,,,,
1.89,0.0716314772271829,5,,,,,,,,,,
1.90,0.0726245784824972,5,,,,,,,,,,
1.91,0.0736094399662356,5,,,,,,,,,,
1.92,0.0745872231684801,5,,,,,,,,,,
1.93,0.0755590898247115,5,,,,,,,,,,
1.94,0.0765262016704102,5,,,,,,,,,,
1.95,0.0774897204410567,5,,,,,,,,,,
1.96,0.0784508078721316,5,,,,,,,,,,
1.97,0.0794106256991152,5,,,,,,,,,,
1.98,0.0803703356574882,5,,,,,,,,,,
1.99,0.081331099482731,5,,,,,,,,,,
2.00,0.0822940789103241,5,,,,,,,,,,
2.01,0.0832604356757481,5,,,,,,,,,,
2.02,0.0842313315144834,5,,,,,,,,,,
2.03,0.0852079281620107,5,,,,,,,,,,
2.04,0.0861913873538103,5,,,,,,,,,,
2.05,0.0871828708253627,5,,,,,,,,,,
2.06,0.0881835403121485,5,,,,,,,,,,
2.07,0.0891945575496483,5,,,,,,,,,,
2.08,0.0902170842733424,5,,,,,,,,,,
2.09,0.0912522822187114,5,,,,,,,,,,
2.10,0.0923013131212359,5,,,,,,,,,,
2.11,0.0933653387163962,5,,,,,,,,,,
2.12,0.094445520739673,5,,,,,,,,,,
2.13,0.0955430209265467,5,,,,,,,,,,
2.14,0.0966590010124978,5,,,,,,,,,,
2.15,0.0977946227330069,5,,,,,,,,,,
2.16,0.0989510478235545,5,,,,,,,,,,
2.17,0.100129438019621,5,,,,,,,,,,
2.18,0.101330955056687,5,,,,,,,,,,
2.19,0.102556760670233,5,,,,,,,,,,
2.20,0.103808016595739,5,,,,,,,,,,
2.21,0.105085613974471,5,,,,,,,,,,
2.22,0.106388936730923,5,,,,,,,,,,
2.23,0.107716847102573,5,,,,,,,,,,
2.24,0.109068206822093,5,,,,,,,,,,
2.25,0.110441877622158,5,,,,,,,,,,
2.26,0.111836721235441,5,,,,,,,,,,
2.27,0.113251599394615,5,,,,,,,,,,
2.28,0.114685373832354,5,,,,,,,,,,
2.29,0.116136906281332,5,,,,,,,,,,
2.30,0.11760505847422,5,,,,,,,,,,
2.31,0.119088692143694,5,,,,,,,,,,
2.32,0.120586669022426,5,,,,,,,,,,
2.33,0.12209785084309,5,,,,,,,,,,
2.34,0.12362109933836,5,,,,,,,,,,
2.35,0.125155276240908,5,,,,,,,,,,
2.36,0.126699243283408,5,,,,,,,,,,
2.37,0.128251862198533,5,,,,,,,,,,
2.38,0.129811994718958,5,,,,,,,,,,
2.39,0.131378502577355,5,,,,,,,,,,
2.40,0.132950247506398,5,,,,,,,,,,
2.41,0.13452609123876,5,,,,,,,,,,
2.42,0.136104895507115,5,,,,,,,,,,
2.43,0.137685522044136,5,,,,,,,,,,
2.44,0.139266832582497,5,,,,,,,,,,
2.45,0.14084768885487,5,,,,,,,,,,
2.46,0.14242695259393,5,,,,,,,,,,
2.47,0.144003485532349,5,,,,,,,,,,
2.48,0.145576149402802,5,,,,,,,,,,
2.49,0.147143805937962,5,,,,,,,,,,
2.50,0.148705316870501,5,,,,,,,,,,
2.51,0.150259543933094,5,,,,,,,,,,
2.52,0.151805514338023,5,,,,,,,,,,
2.53,0.153343222013219,5,,,,,,,,,,
2.54,0.154873010923006,5,,,,,,,,,,
2.55,0.156395225515812,5,,,,,,,,,,
2.56,0.157910210240068,5,,,,,,,,,,
2.57,0.159418309544202,5,,,,,,,,,,
2.58,0.160919867876643,5,,,,,,,,,,
2.59,0.16241522968582,5,,,,,,,,,,
2.60,0.163904739420163,5,,,,,,,,,,
2.61,0.1653887415281,5,,,,,,,,,,
2.62,0.166867580458061,5,,,,,,,,,,
2.63,0.168341600658475,5,,,,,,,,,,
2.64,0.169811146577771,5,,,,,,,,,,
2.65,0.171276562664379,5,,,,,,,,,,
2.66,0.172738193366726,5,,,,,,,,,,
2.67,0.174196383133243,5,,,,,,,,,,
2.68,0.175651476412358,5,,,,,,,,,,
2.69,0.177103817652501,5,,,,,,,,,,
2.70,0.178553751302101,5,,,,,,,,,,
2.71,0.180001621809587,5,,,,,,,,,,
2.72,0.181447773623388,5,,,,,,,,,,
2.73,0.182892551191933,5,,,,,,,,,,
2.74,0.184336298963651,5,,,,,,,,,,
2.75,0.185779361386972,5,,,,,,,,,,
2.76,0.187222082910324,5,,,,,,,,,,
2.77,0.188664807982137,5,,,,,,,,,,
2.78,0.19010788105084,5,,,,,,,,,,
2.79,0.191551646564861,5,,,,,,,,,,
2.80,0.192996448972631,5,,,,,,,,,,
2.81,0.194442632722578,5,,,,,,,,,,
2.82,0.195890542263131,5,,,,,,,,,,
2.83,0.19734052204272,5,,,,,,,,,,
2.84,0.198792916509774,5,,,,,,,,,,
2.85,0.200248070112721,5,,,,,,,,,,
2.86,0.201706327299991,5,,,,,,,,,,
2.87,0.203168032520013,5,,,,,,,,,,
2.88,0.204633530221216,5,,,,,,,,,,
2.89,0.206103164852029,5,,,,,,,,,,
2.90,0.207577280860882,5,,,,,,,,,,
2.91,0.209056222696203,5,,,,,,,,,,
2.92,0.210540334806422,5,,,,,,,,,,
2.93,0.212029961639967,5,,,,,,,,,,
2.94,0.213525447645269,5,,,,,,,,,,
2.95,0.215027137270755,5,,,,,,,,,,
2.96,0.216535374964856,5,,,,,,,,,,
2.97,0.218050505175999,5,,,,,,,,,,
2.98,0.219572872352616,5,,,,,,,,,,
2.99,0.221102820943133,5,,,,,,,,,,
3.00,0.222640695395982,5,,,,,,,,,,
3.01,0.22418684015959,5,,,,,,,,,,
3.02,0.225741599682387,5,,,,,,,,,,
3.03,0.227305318412802,5,,,,,,,,,,
3.04,0.228878340799265,5,,,,,,,,,,
3.05,0.230461011290203,5,,,,,,,,,,
3.06,0.232053674334048,5,,,,,,,,,,
3.07,0.233656674379226,5,,,,,,,,,,
3.08,0.235270355874169,5,,,,,,,,,,
3.09,0.236895063267304,5,,,,,,,,,,
3.10,0.238531141007061,5,,,,,,,,,,
3.11,0.240178933541869,5,,,,,,,,,,
3.12,0.241838785320157,5,,,,,,,,,,
3.13,0.243511040790355,5,,,,,,,,,,
3.14,0.245196044400891,5,,,,,,,,,,
3.15,0.24689397472362,5,,,,,,,,,,
3.16,0.248603941666746,5,,,,,,,,,,
3.17,0.25032463144904,5,,,,,,,,,,
3.18,0.252054729226069,5,,,,,,,,,,
3.19,0.253792920153396,5,,,,,,,,,,
3.20,0.255537889386587,5,,,,,,,,,,
3.21,0.257288322081205,5,,,,,,,,,,
3.22,0.259042903392815,5,,,,,,,,,,
3.23,0.260800318476983,5,,,,,,,,,,
3.24,0.262559252489272,5,,,,,,,,,,
3.25,0.264318390585247,5,,,,,,,,,,
3.26,0.266076417920473,5,,,,,,,,,,
3.27,0.267832019650514,5,,,,,,,,,,
3.28,0.269583880930935,5,,,,,,,,,,
3.29,0.2713306869173,5,,,,,,,,,,
3.30,0.273071122765175,5,,,,,,,,,,
3.31,0.274804020266811,5,,,,,,,,,,
3.32,0.276529179939739,5,,,,,,,,,,
3.33,0.278246795240601,5,,,,,,,,,,
3.34,0.279957060749247,5,,,,,,,,,,
3.35,0.28166017104553,5,,,,,,,,,,
3.36,0.2833563207093,5,,,,,,,,,,
3.37,0.285045704320411,5,,,,,,,,,,
3.38,0.286728516458714,5,,,,,,,,,,
3.39,0.28840495170406,5,,,,,,,,,,
3.40,0.290075204636301,5,,,,,,,,,,
3.41,0.291739469835289,5,,,,,,,,,,
3.42,0.293397941880875,5,,,,,,,,,,
3.43,0.295050815352912,5,,,,,,,,,,
3.44,0.29669828483125,5,,,,,,,,,,
3.45,0.298340544895743,5,,,,,,,,,,
3.46,0.299977764571748,5,,,,,,,,,,
3.47,0.301609940026372,5,,,,,,,,,,
3.48,0.303236995798987,5,,,,,,,,,,
3.49,0.304858856199068,5,,,,,,,,,,
3.50,0.306475445536088,5,,,,,,,,,,
3.51,0.308086688119521,5,,,,,,,,,,
3.52,0.309692508258842,5,,,,,,,,,,
3.53,0.311292830263523,5,,,,,,,,,,
3.54,0.31288757844304,5,,,,,,,,,,
3.55,0.314476677106865,5,,,,,,,,,,
3.56,0.316060050564474,5,,,,,,,,,,
3.57,0.31763762312534,5,,,,,,,,,,
3.58,0.319209319098936,5,,,,,,,,,,
3.59,0.320775062794737,5,,,,,,,,,,
3.60,0.322334778522217,5,,,,,,,,,,
3.61,0.32388839059085,5,,,,,,,,,,
3.62,0.32543582331011,5,,,,,,,,,,
3.63,0.32697700098947,5,,,,,,,,,,
3.64,0.328511847938405,5,,,,,,,,,,
3.65,0.330040288466389,5,,,,,,,,,,
3.66,0.331562246882895,5,,,,,,,,,,
3.67,0.333077647497397,5,,,,,,,,,,
3.68,0.33458641461937,5,,,,,,,,,,
3.69,0.336088472558287,5,,,,,,,,,,
3.70,0.337583745623623,5,,,,,,,,,,
3.71,0.339072158124851,5,,,,,,,,,,
3.72,0.340553634371445,5,,,,,,,,,,
3.73,0.342028098672879,5,,,,,,,,,,
3.74,0.343495475338628,5,,,,,,,,,,
3.75,0.344955688678165,5,,,,,,,,,,
3.76,0.346408663000963,5,,,,,,,,,,
3.77,0.347854340851465,5,,,,,,,,,,
3.78,0.349292794338891,5,,,,,,,,,,
3.79,0.350724151668521,5,,,,,,,,,,
3.80,0.352148541270566,5,,,,,,,,,,
3.81,0.353566091575232,5,,,,,,,,,,
3.82,0.35497693101273,5,,,,,,,,,,
3.83,0.356381188013267,5,,,,,,,,,,
3.84,0.357778991007054,5,,,,,,,,,,
3.85,0.359170468424297,5,,,,,,,,,,
3.86,0.360555748695207,5,,,,,,,,,,
3.87,0.361934960249992,5,,,,,,,,,,
3.88,0.363308231518861,5,,,,,,,,,,
3.89,0.364675690932022,5,,,,,,,,,,
3.90,0.366037466919684,5,,,,,,,,,,
3.91,0.367393687912057,5,,,,,,,,,,
3.92,0.368744482339348,5,,,,,,,,,,
3.93,0.370089978631767,5,,,,,,,,,,
3.94,0.371430305219522,5,,,,,,,,,,
3.95,0.372765590532822,5,,,,,,,,,,
3.96,0.374095963001877,5,,,,,,,,,,
3.97,0.375421551056894,5,,,,,,,,,,
3.98,0.376742483128082,5,,,,,,,,,,
3.99,0.378058887645651,5,,,,,,,,,,
4.00,0.379370893039808,5,,,,,,,,,,
4.01,0.380678627740763,5,,,,,,,,,,
4.02,0.381982220178725,5,,,,,,,,,,
4.03,0.383281798783902,5,,,,,,,,,,
4.04,0.384577491986503,5,,,,,,,,,,
4.05,0.385869428216737,5,,,,,,,,,,
4.06,0.387157735904812,5,,,,,,,,,,
4.07,0.388442543480938,5,,,,,,,,,,
4.08,0.389723979375323,5,,,,,,,,,,
4.09,0.391002172018175,5,,,,,,,,,,
4.10,0.392277249839705,5,,,,,,,,,,
4.11,0.393549341270119,5,,,,,,,,,,
4.12,0.394818574739628,5,,,,,,,,,,
4.13,0.39608507867844,5,,,,,,,,,,
4.14,0.397348981516764,5,,,,,,,,,,
4.15,0.398610411684807,5,,,,,,,,,,
4.16,0.399869497612781,5,,,,,,,,,,
4.17,0.401126367730892,5,,,,,,,,,,
4.18,0.40238115046935,5,,,,,,,,,,
4.19,0.403633974258364,5,,,,,,,,,,
4.20,0.404884967528142,5,,,,,,,,,,
4.21,0.406134258708892,5,,,,,,,,,,
4.22,0.407381976230825,5,,,,,,,,,,
4.23,0.408628248524149,5,,,,,,,,,,
4.24,0.409873204019072,5,,,,,,,,,,
4.25,0.411116971145803,5,,,,,,,,,,
4.26,0.412359678334551,5,,,,,,,,,,
4.27,0.413601454015524,5,,,,,,,,,,
4.28,0.414842426618932,5,,,,,,,,,,
4.29,0.416082724574983,5,,,,,,,,,,
4.30,0.417322476313887,5,,,,,,,,,,
4.31,0.418561810265851,5,,,,,,,,,,
4.32,0.419800854861084,5,,,,,,,,,,
4.33,0.421039738529796,5,,,,,,,,,,
4.34,0.422278589702195,5,,,,,,,,,,
4.35,0.42351753680849,5,,,,,,,,,,
4.36,0.424756708278889,5,,,,,,,,,,
4.37,0.425996232543602,5,,,,,,,,,,
4.38,0.427236238032836,5,,,,,,,,,,
4.39,0.428476853176802,5,,,,,,,,,,
4.40,0.429718227535817,5,,,,,,,,,,
4.41,0.43096067684483,5,,,,,,,,,,
4.42,0.432204595424317,5,,,,,,,,,,
4.43,0.433450378062437,5,,,,,,,,,,
4.44,0.434698419547346,5,,,,,,,,,,
4.45,0.435949114667204,5,,,,,,,,,,
4.46,0.437202858210169,5,,,,,,,,,,
4.47,0.438460044964397,5,,,,,,,,,,
4.48,0.439721069718049,5,,,,,,,,,,
4.49,0.440986327259281,5,,,,,,,,,,
4.50,0.442256212376252,5,,,,,,,,,,
4.51,0.44353111985712,5,,,,,,,,,,
4.52,0.444811444490042,5,,,,,,,,,,
4.53,0.446097581063178,5,,,,,,,,,,
4.54,0.447389924364684,5,,,,,,,,,,
4.55,0.44868886918272,5,,,,,,,,,,
4.56,0.449994810305443,5,,,,,,,,,,
4.57,0.451308142521011,5,,,,,,,,,,
4.58,0.452629260617583,5,,,,,,,,,,
4.59,0.453958559383316,5,,,,,,,,,,
4.60,0.455296433606368,5,,,,,,,,,,
4.61,0.456643278074898,5,,,,,,,,,,
4.62,0.457999487577064,5,,,,,,,,,,
4.63,0.459365456901023,5,,,,,,,,,,
4.64,0.460741580834934,5,,,,,,,,,,
4.65,0.462128254166955,5,,,,,,,,,,
4.66,0.463525871685244,5,,,,,,,,,,
4.67,0.464934828177959,5,,,,,,,,,,
4.68,0.466355518433258,5,,,,,,,,,,
4.69,0.467788337239299,5,,,,,,,,,,
4.70,0.469233679384241,5,,,,,,,,,,
4.71,0.470691674644804,5,,,,,,,,,,
4.72,0.472160260034637,5,,,,,,,,,,
4.73,0.473636290020751,5,,,,,,,,,,
4.74,0.475116611421934,5,,,,,,,,,,
4.75,0.476598071056972,5,,,,,,,,,,
4.76,0.478077515744654,5,,,,,,,,,,
4.77,0.479551792303767,5,,,,,,,,,,
4.78,0.481017747553096,5,,,,,,,,,,
4.79,0.48247222831143,5,,,,,,,,,,
4.80,0.483912081397556,5,,,,,,,,,,
4.81,0.48533415363026,5,,,,,,,,,,
4.82,0.48673529182833,5,,,,,,,,,,
4.83,0.488112342810553,5,,,,,,,,,,
4.84,0.489462153395717,5,,,,,,,,,,
4.85,0.490781570402607,5,,,,,,,,,,
4.86,0.492067440650012,5,,,,,,,,,,
4.87,0.493317162183433,5,,,,,,,,,,
4.88,0.49453281634489,5,,,,,,,,,,
4.89,0.495718848221488,5,,,,,,,,,,
4.90,0.496879721057103,5,,,,,,,,,,
4.91,0.498019898095613,5,,,,,,,,,,
4.92,0.499143842580895,5,,,,,,,,,,
4.93,0.500256017756826,5,,,,,,,,,,
4.94,0.501360886867285,5,,,,,,,,,,
4.95,0.502462913156148,5,,,,,,,,,,
4.96,0.503566559867293,5,,,,,,,,,,
4.97,0.504676290244597,5,,,,,,,,,,
4.98,0.505796567531938,5,,,,,,,,,,
4.99,0.506931854973193,5,,,,,,,,,,
5.00,0.508086615812239,5,,,,,,,,,,
5.01,0.509265313292954,5,,,,,,,,,,
5.02,0.510472033982663,5,,,,,,,,,,
5.03,0.511707583229017,5,,,,,,,,,,
5.04,0.512971075739069,5,,,,,,,,,,
5.05,0.514261612212937,5,,,,,,,,,,
5.06,0.515578293350737,5,,,,,,,,,,
5.07,0.516920219852587,5,,,,,,,,,,
5.08,0.518286492418604,5,,,,,,,,,,
5.09,0.519676211748905,5,,,,,,,,,,
5.10,0.521088478543607,5,,,,,,,,,,
5.11,0.522522393502828,5,,,,,,,,,,
5.12,0.523977057326683,5,,,,,,,,,,
5.13,0.525451570715291,5,,,,,,,,,,
5.14,0.526945034368768,5,,,,,,,,,,
5.15,0.528456548987232,5,,,,,,,,,,
5.16,0.5299852152708,5,,,,,,,,,,
5.17,0.531530133919588,5,,,,,,,,,,
5.18,0.533090405633714,5,,,,,,,,,,
5.19,0.534665131113295,5,,,,,,,,,,
5.20,0.536253411058449,5,,,,,,,,,,
5.21,0.537854346169291,5,,,,,,,,,,
5.22,0.53946703714594,5,,,,,,,,,,
5.23,0.541090584688512,5,,,,,,,,,,
5.24,0.542724089497124,5,,,,,,,,,,
5.25,0.544366652271894,5,,,,,,,,,,
5.26,0.546017373712939,5,,,,,,,,,,
5.27,0.547675354520375,5,,,,,,,,,,
5.28,0.54933969539432,5,,,,,,,,,,
5.29,0.551009497034891,5,,,,,,,,,,
5.30,0.552683860142206,5,,,,,,,,,,
5.31,0.55436188541638,5,,,,,,,,,,
5.32,0.556042673557532,5,,,,,,,,,,
5.33,0.557725325265778,5,,,,,,,,,,
5.34,0.559409015468378,5,,,,,,,,,,
5.35,0.561093601436061,5,,,,,,,,,,
5.36,0.562779307774895,5,,,,,,,,,,
5.37,0.564466362638234,5,,,,,,,,,,
5.38,0.566154994179428,5,,,,,,,,,,
5.39,0.567845430551829,5,,,,,,,,,,
5.40,0.56953789990879,5,,,,,,,,,,
5.41,0.571232630403662,5,,,,,,,,,,
5.42,0.572929850189796,5,,,,,,,,,,
5.43,0.574629787420545,5,,,,,,,,,,
5.44,0.576332670249262,5,,,,,,,,,,
5.45,0.578038726829296,5,,,,,,,,,,
5.46,0.579748185314001,5,,,,,,,,,,
5.47,0.581461273856728,5,,,,,,,,,,
5.48,0.583178220610828,5,,,,,,,,,,
5.49,0.584899253729655,5,,,,,,,,,,
5.50,0.586624601366559,5,,,,,,,,,,
5.51,0.588354491674893,5,,,,,,,,,,
5.52,0.590089152808008,5,,,,,,,,,,
5.53,0.591828812919256,5,,,,,,,,,,
5.54,0.593573700161989,5,,,,,,,,,,
5.55,0.595324042689559,5,,,,,,,,,,
5.56,0.597080068655317,5,,,,,,,,,,
5.57,0.598842006212616,5,,,,,,,,,,
5.58,0.600610083514808,5,,,,,,,,,,
5.59,0.602384528715243,5,,,,,,,,,,
5.60,0.604165569967275,5,,,,,,,,,,
5.61,0.605953435424254,5,,,,,,,,,,
5.62,0.607748353239533,5,,,,,,,,,,
5.63,0.609550551566463,5,,,,,,,,,,
5.64,0.611360258558397,5,,,,,,,,,,
5.65,0.613177677731745,5,,,,,,,,,,
5.66,0.615002773822607,5,,,,,,,,,,
5.67,0.616835377475956,5,,,,,,,,,,
5.68,0.618675317848926,5,,,,,,,,,,
5.69,0.620522424098649,5,,,,,,,,,,
5.70,0.62237652538226,5,,,,,,,,,,
5.71,0.624237450856891,5,,,,,,,,,,
5.72,0.626105029679676,5,,,,,,,,,,
5.73,0.627979091007748,5,,,,,,,,,,
5.74,0.62985946399824,5,,,,,,,,,,
5.75,0.631745977808287,5,,,,,,,,,,
5.76,0.63363846159502,5,,,,,,,,,,
5.77,0.635536744515574,5,,,,,,,,,,
5.78,0.637440655727082,5,,,,,,,,,,
5.79,0.639350024386676,5,,,,,,,,,,
5.80,0.641264679651491,5,,,,,,,,,,
5.81,0.64318445067866,5,,,,,,,,,,
5.82,0.645109166625316,5,,,,,,,,,,
5.83,0.647038656648593,5,,,,,,,,,,
5.84,0.648972749905623,5,,,,,,,,,,
5.85,0.65091127555354,5,,,,,,,,,,
5.86,0.652854062749477,5,,,,,,,,,,
5.87,0.654800940650568,5,,,,,,,,,,
5.88,0.656751738413946,5,,,,,,,,,,
5.89,0.658706285196745,5,,,,,,,,,,
5.90,0.660664410156097,5,,,,,,,,,,
5.91,0.662625942449136,5,,,,,,,,,,
5.92,0.664590711232995,5,,,,,,,,,,
5.93,0.666558545664809,5,,,,,,,,,,
5.94,0.668529274901709,5,,,,,,,,,,
5.95,0.670502728100829,5,,,,,,,,,,
5.96,0.672478734419302,5,,,,,,,,,,
5.97,0.674457123014263,5,,,,,,,,,,
5.98,0.676437723042844,5,,,,,,,,,,
5.99,0.678420363662179,5,,,,,,,,,,
6.00,0.6804048740294,5,,,,,,,,,,
6.01,0.682391083301642,5,,,,,,,,,,
6.02,0.684378820636037,5,,,,,,,,,,
6.03,0.686367915189719,5,,,,,,,,,,
6.04,0.688358196119822,5,,,,,,,,,,
6.05,0.690349492583477,5,,,,,,,,,,
6.06,0.69234163373782,5,,,,,,,,,,
6.07,0.694334448739983,5,,,,,,,,,,
6.08,0.696327766747099,5,,,,,,,,,,
6.09,0.698321416916302,5,,,,,,,,,,
6.10,0.700315228404726,5,,,,,,,,,,
6.11,0.702309030369502,5,,,,,,,,,,
6.12,0.704302651967766,5,,,,,,,,,,
6.13,0.706295922356649,5,,,,,,,,,,
6.14,0.708288670693286,5,,,,,,,,,,
6.15,0.71028072613481,5,,,,,,,,,,
6.16,0.712271917838354,5,,,,,,,,,,
6.17,0.714262074961051,5,,,,,,,,,,
6.18,0.716251026660035,5,,,,,,,,,,
6.19,0.718238602092439,5,,,,,,,,,,
6.20,0.720224630415397,5,,,,,,,,,,
6.21,0.722208940786041,5,,,,,,,,,,
6.22,0.724191362361505,5,,,,,,,,,,
6.23,0.726171724298923,5,,,,,,,,,,
6.24,0.728149855755427,5,,,,,,,,,,
6.25,0.730125585888151,5,,,,,,,,,,
6.26,0.732098743854229,5,,,,,,,,,,
6.27,0.734069173274842,5,,,,,,,,,,
6.28,0.736036873984357,5,,,,,,,,,,
6.29,0.738001941209193,5,,,,,,,,,,
6.30,0.739964471540102,5,,,,,,,,,,
6.31,0.74192456156783,5,,,,,,,,,,
6.32,0.743882307883128,5,,,,,,,,,,
6.33,0.745837807076742,5,,,,,,,,,,
6.34,0.747791155739423,5,,,,,,,,,,
6.35,0.749742450461919,5,,,,,,,,,,
6.36,0.751691787834979,5,,,,,,,,,,
6.37,0.753639264449352,5,,,,,,,,,,
6.38,0.755584976895785,5,,,,,,,,,,
6.39,0.757529021765029,5,,,,,,,,,,
6.40,0.759471495647831,5,,,,,,,,,,
6.41,0.76141249513494,5,,,,,,,,,,
6.42,0.763352116817106,5,,,,,,,,,,
6.43,0.765290457285077,5,,,,,,,,,,
6.44,0.767227613129601,5,,,,,,,,,,
6.45,0.769163680941427,5,,,,,,,,,,
6.46,0.771098757311305,5,,,,,,,,,,
6.47,0.773032938829982,5,,,,,,,,,,
6.48,0.774966322088208,5,,,,,,,,,,
6.49,0.776899003676731,5,,,,,,,,,,
6.50,0.7788310801863,5,,,,,,,,,,
6.51,0.780762648207664,5,,,,,,,,,,
6.52,0.782693804331571,5,,,,,,,,,,
6.53,0.784624645148771,5,,,,,,,,,,
6.54,0.786555267250011,5,,,,,,,,,,
6.55,0.788485767226041,5,,,,,,,,,,
6.56,0.790416241667609,5,,,,,,,,,,
6.57,0.792346787165465,5,,,,,,,,,,
6.58,0.794277500310356,5,,,,,,,,,,
6.59,0.796208477693032,5,,,,,,,,,,
6.60,0.798139815904241,5,,,,,,,,,,
6.61,0.800071611534733,5,,,,,,,,,,
6.62,0.802003961175254,5,,,,,,,,,,
6.63,0.803936961416556,5,,,,,,,,,,
6.64,0.805870708849386,5,,,,,,,,,,
6.65,0.807805300064492,5,,,,,,,,,,
6.66,0.809740831652624,5,,,,,,,,,,
6.67,0.811677400204531,5,,,,,,,,,,
6.68,0.813615102310961,5,,,,,,,,,,
6.69,0.815554034562663,5,,,,,,,,,,
6.70,0.817494293550385,5,,,,,,,,,,
6.71,0.819435975864877,5,,,,,,,,,,
6.72,0.821379178096886,5,,,,,,,,,,
6.73,0.823323996837163,5,,,,,,,,,,
6.74,0.825270528676455,5,,,,,,,,,,
6.75,0.827218870205512,5,,,,,,,,,,
6.76,0.829169118015081,5,,,,,,,,,,
6.77,0.831121368695912,5,,,,,,,,,,
6.78,0.833075718838753,5,,,,,,,,,,
6.79,0.835032265034354,5,,,,,,,,,,
6.80,0.836991103873463,5,,,,,,,,,,
6.81,0.838952331946828,5,,,,,,,,,,
6.82,0.840916045845199,5,,,,,,,,,,
6.83,0.842882342159324,5,,,,,,,,,,
6.84,0.844851317479951,5,,,,,,,,,,
6.85,0.84682306839783,5,,,,,,,,,,
6.86,0.84879769150371,5,,,,,,,,,,
6.87,0.850775283388339,5,,,,,,,,,,
6.88,0.852755940642465,5,,,,,,,,,,
6.89,0.854739759856837,5,,,,,,,,,,
6.90,0.856726823278647,5,,,,,,,,,,
6.91,0.858717039567854,5,,,,,,,,,,
6.92,0.860710202055123,5,,,,,,,,,,
6.93,0.862706101993299,5,,,,,,,,,,
6.94,0.864704530635222,5,,,,,,,,,,
6.95,0.866705279233738,5,,,,,,,,,,
6.96,0.868708139041689,5,,,,,,,,,,
6.97,0.870712901311918,5,,,,,,,,,,
6.98,0.872719357297268,5,,,,,,,,,,
6.99,0.874727298250584,5,,,,,,,,,,
7.00,0.876736515424706,5,,,,,,,,,,
7.01,0.87874680007248,5,,,,,,,,,,
7.02,0.880757943446748,5,,,,,,,,,,
7.03,0.882769736800353,5,,,,,,,,,,
7.04,0.884781971386139,5,,,,,,,,,,
7.05,0.886794438456948,5,,,,,,,,,,
7.06,0.888806929265624,5,,,,,,,,,,
7.07,0.89081923506501,5,,,,,,,,,,
7.08,0.892831147107949,5,,,,,,,,,,
7.09,0.894842456647284,5,,,,,,,,,,
7.10,0.896852954935858,5,,,,,,,,,,
7.11,0.898862433226516,5,,,,,,,,,,
7.12,0.900870682772098,5,,,,,,,,,,
7.13,0.90287749482545,5,,,,,,,,,,
7.14,0.904882660639414,5,,,,,,,,,,
7.15,0.906885971466833,5,,,,,,,,,,
7.16,0.90888721856055,5,,,,,,,,,,
7.17,0.910886193173409,5,,,,,,,,,,
7.18,0.912882686558253,5,,,,,,,,,,
7.19,0.914876489967924,5,,,,,,,,,,
7.20,0.916867394655267,5,,,,,,,,,,
7.21,0.918855191873124,5,,,,,,,,,,
7.22,0.920839672874338,5,,,,,,,,,,
7.23,0.922820628911752,5,,,,,,,,,,
7.24,0.924797851238211,5,,,,,,,,,,
7.25,0.926771131106556,5,,,,,,,,,,
7.26,0.928740259769631,5,,,,,,,,,,
7.27,0.93070502848028,5,,,,,,,,,,
7.28,0.932665228491345,5,,,,,,,,,,
7.29,0.934620651055669,5,,,,,,,,,,
7.30,0.936571087426096,5,,,,,,,,,,
7.31,0.938516328855469,5,,,,,,,,,,
7.32,0.94045616659663,5,,,,,,,,,,
7.33,0.942390391902424,5,,,,,,,,,,
7.34,0.944318796025694,5,,,,,,,,,,
7.35,0.946241170219281,5,,,,,,,,,,
7.36,0.948157305736031,5,,,,,,,,,,
7.37,0.950066993828785,5,,,,,,,,,,
7.38,0.951970025750387,5,,,,,,,,,,
7.39,0.953866192753681,5,,,,,,,,,,
7.40,0.955755286091508,5,,,,,,,,,,
7.41,0.957637097016714,5,,,,,,,,,,
7.42,0.95951141678214,5,,,,,,,,,,
7.43,0.961378036640629,5,,,,,,,,,,
7.44,0.963236747845026,5,,,,,,,,,,
7.45,0.965087341648172,5,,,,,,,,,,
7.46,0.966929609302913,5,,,,,,,,,,
7.47,0.968763342062089,5,,,,,,,,,,
7.48,0.970588331178545,5,,,,,,,,,,
7.49,0.972404367905124,5,,,,,,,,,,
7.50,0.974211243494669,5,,,,,,,,,,
7.51,0.976008749200023,5,,,,,,,,,,
7.52,0.977796400218715,5,,,,,,,,,,
7.53,0.979569958636265,5,,,,,,,,,,
7.54,0.981322479046476,5,,,,,,,,,,
7.55,0.983046956128073,5,,,,,,,,,,
7.56,0.984736384559779,5,,,,,,,,,,
7.57,0.986383759020318,5,,,,,,,,,,
7.58,0.987982074188415,5,,,,,,,,,,
7.59,0.989524324742792,5,,,,,,,,,,
7.60,0.991003505362176,5,,,,,,,,,,
7.61,0.992412610725288,5,,,,,,,,,,
7.62,0.993744635510854,5,,,,,,,,,,
7.63,0.994992574397596,5,,,,,,,,,,
7.64,0.99614942206424,5,,,,,,,,,,
7.65,0.997208173189509,5,,,,,,,,,,
7.66,0.998161822452127,5,,,,,,,,,,
7.67,0.999003364530818,5,,,,,,,,,,
7.68,0.999726391376707,5,,,,,,,,,,
7.69,1,5,,,,,,,,,,
7.70,1,5,,,,,,,,,,
7.71,1,5,,,,,,,,,,
7.72,1,5,,,,,,,,,,
7.73,1,5,,,,,,,,,,
7.74,1,5,,,,,,,,,,
7.75,1,5,,,,,,,,,,
7.76,1,5,,,,,,,,,,
7.77,1,5,,,,,,,,,,
7.78,1,5,,,,,,,,,,
7.79,1,5,,,,,,,,,,
7.80,1,5,,,,,,,,,,
7.81,1,5,,,,,,,,,,
7.82,1,5,,,,,,,,,,
7.83,1,5,,,,,,,,,,
7.84,1,5,,,,,,,,,,
7.85,1,5,,,,,,,,,,
7.86,1,5,,,,,,,,,,
7.87,1,5,,,,,,,,,,
7.88,1,5,,,,,,,,,,
7.89,1,5,,,,,,,,,,
7.90,1,5,,,,,,,,,,
7.91,1,5,,,,,,,,,,
7.92,1,5,,,,,,,,,,
7.93,1,5,,,,,,,,,,
7.94,1,5,,,,,,,,,,
7.95,1,5,,,,,,,,,,
7.96,1,5,,,,,,,,,,
7.97,1,5,,,,,,,,,,
7.98,1,5,,,,,,,,,,
7.99,1,5,,,,,,,,,,
8.00,1,5,,,,,,,,,,
8.01,1,5,,,,,,,,,,
8.02,1,5,,,,,,,,,,
8.03,1,5,,,,,,,,,,
8.04,1,5,,,,,,,,,,
8.05,1,5,,,,,,,,,,
8.06,1,5,,,,,,,,,,
8.07,1,5,,,,,,,,,,
8.08,1,5,,,,,,,,,,
8.09,1,5,,,,,,,,,,
8.10,1,5,,,,,,,,,,
8.11,1,5,,,,,,,,,,
8.12,1,5,,,,,,,,,,
8.13,1,5,,,,,,,,,,
8.14,1,5,,,,,,,,,,
8.15,1,5,,,,,,,,,,
8.16,1,5,,,,,,,,,,
8.17,1,5,,,,,,,,,,
8.18,1,5,,,,,,,,,,
8.19,1,5,,,,,,,,,,
8.20,1,5,,,,,,,,,,
8.21,1,5,,,,,,,,,,
8.22,1,5,,,,,,,,,,
8.23,1,5,,,,,,,,,,
8.24,1,5,,,,,,,,,,
8.25,1,5,,,,,,,,,,
8.26,1,5,,,,,,,,,,
8.27,1,5,,,,,,,,,,
8.28,1,5,,,,,,,,,,
8.29,1,5,,,,,,,,,,
8.30,1,5,,,,,,,,,,
8.31,1,5,,,,,,,,,,
8.32,1,5,,,,,,,,,,
8.33,1,5,,,,,,,,,,
8.34,1,5,,,,,,,,,,
8.35,1,5,,,,,,,,,,
8.36,1,5,,,,,,,,,,
8.37,1,5,,,,,,,,,,
8.38,1,5,,,,,,,,,,
8.39,1,5,,,,,,,,,,
8.40,1,5,,,,,,,,,,
8.41,1,5,,,,,,,,,,
8.42,1,5,,,,,,,,,,
8.43,1,5,,,,,,,,,,
8.44,1,5,,,,,,,,,,
8.45,1,5,,,,,,,,,,
8.46,1,5,,,,,,,,,,
8.47,1,5,,,,,,,,,,
8.48,1,5,,,,,,,,,,
8.49,1,5,,,,,,,,,,
8.50,1,5,,,,,,,,,,
8.51,1,5,,,,,,,,,,
8.52,1,5,,,,,,,,,,
8.53,1,5,,,,,,,,,,
8.54,1,5,,,,,,,,,,
8.55,1,5,,,,,,,,,,
8.56,1,5,,,,,,,,,,
8.57,1,5,,,,,,,,,,
8.58,1,5,,,,,,,,,,
8.59,1,5,,,,,,,,,,
8.60,1,5,,,,,,,,,,
8.61,1,5,,,,,,,,,,
8.62,1,5,,,,,,,,,,
8.63,1,5,,,,,,,,,,
8.64,1,5,,,,,,,,,,
8.65,1,5,,,,,,,,,,
8.66,1,5,,,,,,,,,,
8.67,1,5,,,,,,,,,,
8.68,1,5,,,,,,,,,,
8.69,1,5,,,,,,,,,,
8.70,1,5,,,,,,,,,,
8.71,1,5,,,,,,,,,,
8.72,1,5,,,,,,,,,,
8.73,1,5,,,,,,,,,,
8.74,1,5,,,,,,,,,,
8.75,1,5,,,,,,,,,,
8.76,1,5,,,,,,,,,,
8.77,1,5,,,,,,,,,,
8.78,1,5,,,,,,,,,,
8.79,1,5,,,,,,,,,,
8.80,1,5,,,,,,,,,,
8.81,1,5,,,,,,,,,,
8.82,1,5,,,,,,,,,,
8.83,1,5,,,,,,,,,,
8.84,1,5,,,,,,,,,,
8.85,1,5,,,,,,,,,,
8.86,1,5,,,,,,,,,,
8.87,1,5,,,,,,,,,,
8.88,1,5,,,,,,,,,,
8.89,1,5,,,,,,,,,,
8.90,1,5,,,,,,,,,,
8.91,1,5,,,,,,,,,,
8.92,1,5,,,,,,,,,,
8.93,1,5,,,,,,,,,,
8.94,1,5,,,,,,,,,,
8.95,1,5,,,,,,,,,,
8.96,1,5,,,,,,,,,,
8.97,1,5,,,,,,,,,,
8.98,1,5,,,,,,,,,,
8.99,1,5,,,,,,,,,,
9.00,1,5,,,,,,,,,,
9.01,1,5,,,,,,,,,,
9.02,1,5,,,,,,,,,,
9.03,1,5,,,,,,,,,,
9.04,1,5,,,,,,,,,,
9.05,1,5,,,,,,,,,,
9.06,1,5,,,,,,,,,,
9.07,1,5,,,,,,,,,,
9.08,1,5,,,,,,,,,,
9.09,1,5,,,,,,,,,,
9.10,1,5,,,,,,,,,,
9.11,1,5,,,,,,,,,,
9.12,1,5,,,,,,,,,,
9.13,1,5,,,,,,,,,,
9.14,1,5,,,,,,,,,,
9.15,1,5,,,,,,,,,,
9.16,1,5,,,,,,,,,,
9.17,1,5,,,,,,,,,,
9.18,1,5,,,,,,,,,,
9.19,1,5,,,,,,,,,,
9.20,1,5,,,,,,,,,,
9.21,1,5,,,,,,,,,,
9.22,1,5,,,,,,,,,,
9.23,1,5,,,,,,,,,,
9.24,1,5,,,,,,,,,,
9.25,1,5,,,,,,,,,,
9.26,1,5,,,,,,,,,,
9.27,1,5,,,,,,,,,,
9.28,1,5,,,,,,,,,,
9.29,1,5,,,,,,,,,,
9.30,1,5,,,,,,,,,,
9.31,1,5,,,,,,,,,,
9.32,1,5,,,,,,,,,,
9.33,1,5,,,,,,,,,,
9.34,1,5,,,,,,,,,,
9.35,1,5,,,,,,,,,,
9.36,1,5,,,,,,,,,,
9.37,1,5,,,,,,,,,,
9.38,1,5,,,,,,,,,,
9.39,1,5,,,,,,,,,,
9.40,1,5,,,,,,,,,,
9.41,1,5,,,,,,,,,,
9.42,1,5,,,,,,,,,,
9.43,1,5,,,,,,,,,,
9.44,1,5,,,,,,,,,,
9.45,1,5,,,,,,,,,,
9.46,1,5,,,,,,,,,,
9.47,1,5,,,,,,,,,,
9.48,1,5,,,,,,,,,,
9.49,1,5,,,,,,,,,,
9.50,1,5,,,,,,,,,,
9.51,1,5,,,,,,,,,,
9.52,1,5,,,,,,,,,,
9.53,1,5,,,,,,,,,,
9.54,1,5,,,,,,,,,,
9.55,1,5,,,,,,,,,,
9.56,1,5,,,,,,,,,,
9.57,1,5,,,,,,,,,,
9.58,1,5,,,,,,,,,,
9.59,1,5,,,,,,,,,,
9.60,1,5,,,,,,,,,,
9.61,1,5,,,,,,,,,,
9.62,1,5,,,,,,,,,,
9.63,1,5,,,,,,,,,,
9.64,1,5,,,,,,,,,,
9.65,1,5,,,,,,,,,,
9.66,1,5,,,,,,,,,,
9.67,1,5,,,,,,,,,,
9.68,1,5,,,,,,,,,,
9.69,1,5,,,,,,,,,,
9.70,1,5,,,,,,,,,,
9.71,1,5,,,,,,,,,,
9.72,1,5,,,,,,,,,,
9.73,1,5,,,,,,,,,,
9.74,1,5,,,,,,,,,,
9.75,1,5,,,,,,,,,,
9.76,1,5,,,,,,,,,,
9.77,1,5,,,,,,,,,,
9.78,1,5,,,,,,,,,,
9.79,1,5,,,,,,,,,,
9.80,1,5,,,,,,,,,,
9.81,1,5,,,,,,,,,,
9.82,1,5,,,,,,,,,,
9.83,1,5,,,,,,,,,,
9.84,1,5,,,,,,,,,,
9.85,1,5,,,,,,,,,,
9.86,1,5,,,,,,,,,,
9.87,1,5,,,,,,,,,,
9.88,1,5,,,,,,,,,,
9.89,1,5,,,,,,,,,,
9.90,1,5,,,,,,,,,,
9.91,1,5,,,,,,,,,,
9.92,1,5,,,,,,,,,,
9.93,1,5,,,,,,,,,,
9.94,1,5,,,,,,,,,,
9.95,1,5,,,,,,,,,,
9.96,1,5,,,,,,,,,,
9.97,1,5,,,,,,,,,,
9.98,1,5,,,,,,,,,,
9.99,1,5,,,,,,,,,,
10.00,1,5,,,,,,,,,,
